Workbook

Sheet SEPTIEMBRE 2025
CN1: | | CP1: AG
Z2: Toma de VIH | AE2: SGB | AH2: VDRL | AJ2: Hepatitis B | AL2: Trabajo de Parto | AW2: PARTO | BC2: PUERPERIO | BL2: ANESTESIA Y/O ANALGESIA DEL PARTO | CB2: RESULTADO DEL RN | CH2: APEGO Y ACOMPAÑAMIENTO | CP2: INFORMACIÓN DE LOS PROFESIONALES | CU2: Ley N° 21.372 Dominga | CV2: Placenta | CX2: Registro Civil
A3: , | B3: Tipo de Paciente | C3: Origen Ingreso | D3: FECHA | E3: Hora | F3: PLAN DE PARTO (SI/NO) | G3: Visita Guiada | H3: Nombre completo | I3: RUN | J3: DV | K3: Inmigrante | L3: Nacionalidad | M3: Pueblo Originario | N3: Edad | O3: Discapacidad | P3: Privada de Libertad | Q3: Trans Masculino | R3: IMC | S3: Paridad | T3: Control Prenatal | U3: Consultorio de Origen | V3: Preeclampsia Severa | W3: Eclampsia | X3: Sepsis o Infección Sistemica Grave | Y3: Infección Ovular o Corioamnionitis | Z3: Otra Patología | AA3: Nº ARO | AB3: Se toma VIH en Prepartos | AC3: Se tomo VIH en Sala | AD3: 1°-2°-3° | AE3: Pesquisa | AF3: Resultado | AG3: Antibiotico por SGB (NO POR RPM) | AH3: Resultado VDRL durante embarazo | AI3: Tratamiento ATB por Sífilis al momento del Parto | AJ3: Examén Hepatitis B - Tomado | AK3: Derivación a Especialista (Gastro-Hepatologo) | AL3: Sem. Obst. (semanas) | AM3: Sem. Obst. (días) | AN3: Monitor | AO3: TTC | AP3: Inducción | AQ3: Aceleración ó Correción | AR3: N° TV | AS3: Rotura membrana | AT3: Tiempo membranas rotas | AU3: Tiempo dilatación | AV3: Tiempo Expulsivo | AW3: Libertad de Movimiento en Trabajo de Parto | AX3: Tipo de Régimen en Trabajo de Parto | AY3: Tipo de parto | AZ3: Alumbramiento Diriguido | BA3: Clasificación de Robson | BB3: Posición materna parto | BC3: Ofrecimiento de posiciones alternativas del Parto | BD3: Estado periné | BE3: Esteriliz. | BF3: Revision | BG3: Inercia Uterina | BH3: Restos Placentarios | BI3: Trauma | BJ3: Alteración de la Coagulación | BK3: Manejo Quirúrgico de Inercia Uterina | BL3: Histerectomía Obstétrica | BM3: Tranfusión Sanguínea | BN3: Anestesia Neuroaxial | BO3: Óxido nitroso | BP3: Analgesia endovenosa | BQ3: General | BR3: Local | BS3: Analgesia NO farmac. | BT3: Balón Kinesico | BU3: Lenteja de Parto | BV3: Rebozo | BW3: Aromaterapia | BX3: Anest. Peridural Solicitada por paciente | BY3: Anest. Peridural indicada por médico GO | BZ3: Anest. Peridural administrada | CA3: Tiempo de espera entre indicación médica y administración de Anest. Peridural | CB3: Sexo | CC3: Peso | CD3: Talla | CE3: Ligadura Tardia del Cordón (> a 1 minuto) | CF3: Apgar al minuto | CG3: Apgar a los 5 min | CH3: Tiempo de apego | CI3: Apego Canguro | CJ3: Acompañamiento Preparto | CK3: Acompañamiento Parto | CL3: Acomp. RN | CM3: Motivo parto NO acompañado | CN3: Persona acompañante | CO3: Acompañante secciona cordón | CP3: Profes. Responsable (Nombre - apellido) | CQ3: Alumno (Nombre - apellido) | CR3: Causa cesarea | CS3: OBSERVACIONES | CT3: USO DE SALA SAIP (SI/NO) | CU3: Cuales Recuerdos (De no entregar justificar motivo) | CV3: Retira Placenta | CW3: Estampado de Placenta | CX3: FOLIO VALIDO | CY3: FOLIO/S NULO/S | CZ3: Manejo del Dolor No Farmacologico
A4: 1 | B4: Institucional | C4: UEGO | D4: 45901 | E4: 0.41388889 | F4: NO | G4: NO | H4: NICOLE ANGELA FLORES ZAPATA | I4: 11111111 | J4: 0 | K4: NO | L4: CHILENA | M4: NO | N4: 27 | O4: NO | P4: NO | Q4: NO | R4: 35.8 | S4: 2 | T4: NO | U4: FEDERICO PUGA | V4: NO | W4: NO | X4: NO | Y4: NO | Z4: SI | AA4: 419 | AB4: NO | AC4: NO | AE4: SI | AF4: NEGATIVO | AG4: NO | AH4: NO REACTIVO | AI4: NO | AJ4: SI | AK4: NO | AL4: 38 | AM4: 2 | AN4: SI | AO4: NO | AP4: NO | AQ4: NO | AR4: 0 | AS4: IOP | AT4: IOP | AU4: NO | AV4: 0 | AW4: NO | AX4: CERO | AY4: EUTOCICO | AZ4: SI | BA4: Grupo 1 | BB4: SEMISENTADA | BC4: NO | BD4: INDEMNE | BE4: NO | BF4: SI | BG4: NO | BH4: NO | BI4: NO | BJ4: NO | BK4: NO | BL4: NO | BM4: NO | BN4: SI | BO4: NO | BP4: NO | BQ4: NO | BR4: NO | BS4: NO | BT4: NO | BU4: NO | BV4: NO | BW4: NO | BX4: NO | BY4: NO | BZ4: NO | CB4: MASCULINO | CC4: 3450 | CD4: 50 | CE4: NO | CF4: 8 | CG4: 9 | CH4: 4 | CI4: SI | CJ4: NO | CK4: SI | CL4: SI | CM4: NO DESEA | CN4: PAREJA | CO4: SI | CP4: DR RILKE GONZALEZ / DRA ULLOA | CR4: DOBLE CESAREA ANTERIOR | CT4: NO | CV4: NO | CW4: SI | CX4: 7787343
B5: Prehospitalario | C5: SALA | AF5: POSITIVO | AH5: REACTIVO | AS5: RAM | AW5: SI | AX5: LIQUIDO | AY5: DISTOCICO | BA5: Grupo 2.A | BB5: SENTADA | BC5: NO | BD5: DESGARRO G1 | BE5: NO | BF5: SI | BG5: NO | BH5: NO | BI5: NO | BJ5: NO | BK5: NO | BL5: NO | BM5: NO | BN5: SI | BO5: NO | BP5: NO | BQ5: NO | BR5: NO | BS5: NO | BT5: NO | BU5: NO | BV5: NO | BW5: NO | BX5: NO | BY5: NO | BZ5: NO | CB5: FEMENINO | CC5: 3350 | CD5: 50 | CE5: NO | CF5: 8 | CG5: 9 | CH5: 4 | CI5: SI | CJ5: NO | CL5: NO | CM5: NO LLEGA | CN5: MADRE | CO5: NO
B6: Fuera de la Red Asistencial | AS6: REM | AX6: COMÚN | AY6: CES. URGENCIA | BA6: Grupo 2.B | BB6: LITOTOMIA | BD6: DESGARRO G2 | CB6: INDETERMINADO | CM6: URGENCIA | CN6: HERMANA
B7: Domicilio con Atención Profesional | AS7: RPM | AX7: OTRO | AY7: CES.ELECTIVA | BA7: Grupo 3 | BB7: D. DORSAL | BD7: DESGARRO G3 A | CM7: NO TIENE ACOMPAÑANTE | CN7: AMIGA
B8: Domicilio sin Atención Profesional | BA8: Grupo 4 | BB8: CUADRÚPEDA | BD8: DESGARRO G3 B | CM8: RURALIDAD | CN8: OTRO
BA9: Grupo 5.1 | BB9: D. LATERAL | BD9: DESGARRO G3 C | CM9: SIN PASE DE MOVILIDAD | CN9: NADIE
BA10: Grupo 5.2 | BB10: DE PIE | BD10: DESGARRO G 4
BA11: Grupo 6 | BB11: CUCLILLAS | BD11: FISURA
BA12: Grupo 7 | BB12: OTRO | BD12: EPISIOTOMIA
BA13: Grupo 8
BA14: Grupo 9
BA15: Grupo 10
A164: 161
A165: 162
A166: 163
A167: 164
A168: 165
A169: 166
A170: 167
A171: 168
A172: 169
A173: 170
A174: 171
A175: 172
... A181: 178
BA1048576: 0 | BB1048576: D DORSAL | GL1048576: 0 | IA1048576: 0 | UC1048576: 0 | WK1048576: 0 | YJ1048576: 0 | ZJ1048576: 0 | ABH1048576: 0 | ACL1048576: 0 | ADF1048576: 0 | AGQ1048576: 0 | AHY1048576: 0 | ALM1048576: 0 | ALX1048576: 0

Sheet Hoja1

Sheet REM
B2: CARACTERISTICAS DEL PARTO | D2: TOTAL | E2: PARTOS SEGÚN EDAD DE LA MADRE | I2: PARTOS PREMATUROS (considerar sobre 22 semanas) | M2: Uso de oxitocina profiláctica | N2: Anestesia y/o Analgesia del parto (medidas farmacologicas y no farmacológica) | T2: Ligadura tardía del cordón (> 60 segundos) | U2: Contacto inmediato piel a piel >30 minutos | Y2: Lactancia materna en los primeros 60 minutos de vida (RN con peso de 2.500 grs. o más) | Z2: Alojamiento conjunto en puerperio inmediato | AA2: Atención con pertinencia cultural | AB2: Pueblos Originarios | AC2: Migrantes | AD2: Discapacidad | AE2: Privada de Libertad | AF2: Trans
E3: < 15 AÑOS | F3: 15 A 19 AÑOS | G3: 20 A 34 AÑOS | H3: ≥35 AÑOS | I3: Partos prematuros menos de 24 semanas | J3: Partos prematuros de 24 a 28 semanas | K3: Partos prematuros de 29 a 32 semanas | L3: Partos prematuros de 33 a 36 semanas | N3: Anestesia Neuroaxial | O3: Oxido nitroso | P3: Analgesia endovenosa | Q3: General | R3: Local | S3: Medidas no farmacológicas | U3: Con la Madre | W3: Con el padre o acompañante significativo
U4: RN peso menor o igual a 2.499 grs. | V4: RN con peso de 2.500 grs. o más | W4: RN peso menor o igual a 2.499 grs. | X4: RN con peso de 2.500 grs. o más | AF4: Masculino | AG4: Femenino
B5: TOTAL PARTOS | D5: =SUM(D6:D9) -> 1 | E5: =SUM(E6:E9) -> 0 | F5: =SUM(F6:F9) -> 0 | G5: =SUM(G6:G9) -> 1 | H5: =SUM(H6:H9) -> 0 | I5: =SUM(I6:I9) -> 0 | J5: =SUM(J6:J9) -> 0 | K5: =SUM(K6:K9) -> 0 | ... Y5: =SUM(Y6:Y9) -> 0 | AA5: =SUM(AA6:AA9) -> 0 | AB5: =SUM(AB6:AB9) -> 0 | AC5: =SUM(AC6:AC9) -> 0 | AD5: =SUM(AD6:AD9) -> 0 | AE5: =SUM(AE6:AE9) -> 0 | AF5: =SUM(AF6:AF9) -> 0 | AG5: =SUM(AG6:AG9) -> 0
B6: VAGINAL | D6: =SUM(E6:H6) -> 1 | E6: =COUNTIFS('SEPTIEMBRE 2025'!N:N, "<15",'SEPTIEMBRE 2025'!AY:AY, "EUTOCICO") -> 0 | F6: =COUNTIFS('SEPTIEMBRE 2025'!N:N, ">14",'SEPTIEMBRE 2025'!N:N, "<20", 'SEPTIEMBRE 2025'!AY:AY, "EUTOCICO") -> 0 | G6: =COUNTIFS('SEPTIEMBRE 2025'!N:N, ">19",'SEPTIEMBRE 2025'!N:N, "<35", 'SEPTIEMBRE 2025'!AY:AY, "EUTOCICO") -> 1 | H6: =COUNTIFS('SEPTIEMBRE 2025'!N:N, ">34", 'SEPTIEMBRE 2025'!AY:AY, "EUTOCICO") -> 0 | I6: =COUNTIFS('SEPTIEMBRE 2025'!AL:AL, "<24",'SEPTIEMBRE 2025'!AV:AV, "EUTOCICO") -> 0 | J6: =COUNTIFS('SEPTIEMBRE 2025'!AL:AL, ">23",'SEPTIEMBRE 2025'!AL:AL, "<29", 'SEPTIEMBRE 2025'!AY:AY, "EUTOCICO") -> 0 | K6: =COUNTIFS('SEPTIEMBRE 2025'!AL:AL, ">28",'SEPTIEMBRE 2025'!AL:AL, "<33", 'SEPTIEMBRE 2025'!AY:AY, "EUTOCICO") -> 0 | L6: =COUNTIFS('SEPTIEMBRE 2025'!AL:AL, ">32",'SEPTIEMBRE 2025'!AL:AL, "<37", 'SEPTIEMBRE 2025'!AY:AY, "EUTOCICO") -> 0 | M6: =COUNTIFS('SEPTIEMBRE 2025'!AZ:AZ, "SI", 'SEPTIEMBRE 2025'!AY:AY, "EUTOCICO") -> 1 | N6: =COUNTIFS('SEPTIEMBRE 2025'!BN:BN,"SI", 'SEPTIEMBRE 2025'!AY:AY, "EUTOCICO") -> 1 | O6: =COUNTIFS('SEPTIEMBRE 2025'!BO:BO, "SI", 'SEPTIEMBRE 2025'!AY:AY, "EUTOCICO") -> 0 | P6: =COUNTIFS('SEPTIEMBRE 2025'!BP:BP, "SI", 'SEPTIEMBRE 2025'!AY:AY, "EUTOCICO") -> 0 | Q6: =COUNTIFS('SEPTIEMBRE 2025'!BQ:BQ,"SI", 'SEPTIEMBRE 2025'!AY:AY, "EUTOCICO") -> 0 | R6: =COUNTIFS('SEPTIEMBRE 2025'!BR:BR,"SI", 'SEPTIEMBRE 2025'!AY:AY, "EUTOCICO") -> 0 | S6: =COUNTIFS('SEPTIEMBRE 2025'!BS:BS, "SI", 'SEPTIEMBRE 2025'!AY:AY, "EUTOCICO") -> 0 | T6: =COUNTIFS('SEPTIEMBRE 2025'!CE:CE, "SI", 'SEPTIEMBRE 2025'!AY:AY, "EUTOCICO") -> 0 | U6: =COUNTIFS('SEPTIEMBRE 2025'!CC:CC, "<2500",'SEPTIEMBRE 2025'!CH:CH, "4", 'SEPTIEMBRE 2025'!AY:AY, "EUTOCICO", 'SEPTIEMBRE 2025'!CI:CI, "NO") -> 0 | V6: =COUNTIFS('SEPTIEMBRE 2025'!AY:AY, "EUTOCICO",'SEPTIEMBRE 2025'!CC:CC, ">2499",'SEPTIEMBRE 2025'!CH:CH, "4", 'SEPTIEMBRE 2025'!CI:CI, "NO") -> 0 | W6: =COUNTIFS('SEPTIEMBRE 2025'!CC:CC, "<2500",'SEPTIEMBRE 2025'!CH:CH, "4", 'SEPTIEMBRE 2025'!AY:AY, "EUTOCICO", 'SEPTIEMBRE 2025'!CI:CI, "SI") -> 0 | X6: =COUNTIFS('SEPTIEMBRE 2025'!AY:AY, "EUTOCICO",'SEPTIEMBRE 2025'!CC:CC, ">2499",'SEPTIEMBRE 2025'!CH:CH, "4", 'SEPTIEMBRE 2025'!CI:CI, "SI") -> 1 | AA6: 0 | AB6: =COUNTIFS('SEPTIEMBRE 2025'!M:M, "SI",'SEPTIEMBRE 2025'!AY:AY, "EUTOCICO") -> 0 | AC6: =COUNTIFS('SEPTIEMBRE 2025'!K:K, "SI",'SEPTIEMBRE 2025'!AY:AY, "EUTOCICO") -> 0 | AD6: =COUNTIFS('SEPTIEMBRE 2025'!O:O, "SI",'SEPTIEMBRE 2025'!AY:AY, "EUTOCICO") -> 0 | AE6: =COUNTIFS('SEPTIEMBRE 2025'!P:P, "SI",'SEPTIEMBRE 2025'!AY:AY, "EUTOCICO") -> 0 | AF6: =COUNTIFS('SEPTIEMBRE 2025'!O:O, "SI",'SEPTIEMBRE 2025'!AY:AY, "EUTOCICO") -> 0 | AG6: 0
B7: INSTRUMENTAL | D7: =SUM(E7:H7) -> 0 | E7: =COUNTIFS('SEPTIEMBRE 2025'!N:N, "<15", 'SEPTIEMBRE 2025'!AY:AY, "DISTOCICO") -> 0 | F7: =COUNTIFS('SEPTIEMBRE 2025'!N:N, ">14",'SEPTIEMBRE 2025'!N:N, "<20", 'SEPTIEMBRE 2025'!AY:AY, "DISTOCICO") -> 0 | G7: =COUNTIFS('SEPTIEMBRE 2025'!N:N, ">19",'SEPTIEMBRE 2025'!N:N, "<35", 'SEPTIEMBRE 2025'!AY:AY, "DISTOCICO") -> 0 | H7: =COUNTIFS('SEPTIEMBRE 2025'!N:N, ">34", 'SEPTIEMBRE 2025'!AY:AY, "DISTOCICO") -> 0 | I7: =COUNTIFS('SEPTIEMBRE 2025'!AL:AL, "<24",'SEPTIEMBRE 2025'!AY:AY, "DISTOCICO") -> 0 | J7: =COUNTIFS('SEPTIEMBRE 2025'!AL:AL, ">23",'SEPTIEMBRE 2025'!AL:AL, "<29", 'SEPTIEMBRE 2025'!AY:AY, "DISTOCICO") -> 0 | K7: =COUNTIFS('SEPTIEMBRE 2025'!AL:AL, ">28",'SEPTIEMBRE 2025'!AL:AL, "<33", 'SEPTIEMBRE 2025'!AY:AY, "DISTOCICO") -> 0 | L7: =COUNTIFS('SEPTIEMBRE 2025'!AL:AL, ">32",'SEPTIEMBRE 2025'!AL:AL, "<37", 'SEPTIEMBRE 2025'!AY:AY, "DISTOCICO") -> 0 | M7: =COUNTIFS('SEPTIEMBRE 2025'!AZ:AZ, "SI", 'SEPTIEMBRE 2025'!AY:AY, "DISTOCICO") -> 0 | N7: =COUNTIFS('SEPTIEMBRE 2025'!BN:BN,"SI", 'SEPTIEMBRE 2025'!AY:AY, "DISTOCICO") -> 1 | O7: =COUNTIFS('SEPTIEMBRE 2025'!BO:BO, "SI", 'SEPTIEMBRE 2025'!AY:AY, "DISTOCICO") -> 0 | P7: =COUNTIFS('SEPTIEMBRE 2025'!BP:BP, "SI", 'SEPTIEMBRE 2025'!AY:AY, "DISTOCICO") -> 0 | Q7: =COUNTIFS('SEPTIEMBRE 2025'!BQ:BQ,"SI", 'SEPTIEMBRE 2025'!AY:AY, "DISTOCICO") -> 0 | R7: =COUNTIFS('SEPTIEMBRE 2025'!BR:BR,"SI", 'SEPTIEMBRE 2025'!AY:AY, "DISTOCICO") -> 0 | S7: =COUNTIFS('SEPTIEMBRE 2025'!BS:BS, "SI", 'SEPTIEMBRE 2025'!AY:AY, "DISTOCICO") -> 0 | T7: =COUNTIFS('SEPTIEMBRE 2025'!CE:CE, "SI", 'SEPTIEMBRE 2025'!AY:AY, "DISTOCICO") -> 0 | U7: =COUNTIFS('SEPTIEMBRE 2025'!CC:CC, "<2500",'SEPTIEMBRE 2025'!CH:CH, "4", 'SEPTIEMBRE 2025'!AY:AY, "DISTOCICO", 'SEPTIEMBRE 2025'!CI:CI, "NO") -> 0 | V7: =COUNTIFS('SEPTIEMBRE 2025'!AY:AY, "DISTOCICO",'SEPTIEMBRE 2025'!CC:CC, ">2499",'SEPTIEMBRE 2025'!CH:CH, "4", 'SEPTIEMBRE 2025'!CI:CI, "NO") -> 0 | W7: =COUNTIFS('SEPTIEMBRE 2025'!CC:CC, "<2500",'SEPTIEMBRE 2025'!CH:CH, "4", 'SEPTIEMBRE 2025'!AY:AY, "DISTOCICO", 'SEPTIEMBRE 2025'!CI:CI, "SI") -> 0 | X7: =COUNTIFS('SEPTIEMBRE 2025'!AY:AY, "DISTOCICO",'SEPTIEMBRE 2025'!CC:CC, ">2499",'SEPTIEMBRE 2025'!CH:CH, "4", 'SEPTIEMBRE 2025'!CI:CI, "SI") -> 1 | AA7: 0 | AB7: =COUNTIFS('SEPTIEMBRE 2025'!M:M, "SI",'SEPTIEMBRE 2025'!AY:AY, "DISTOCICO") -> 0 | AC7: =COUNTIFS('SEPTIEMBRE 2025'!K:K, "SI",'SEPTIEMBRE 2025'!AY:AY, "DISTOCICO") -> 0 | AD7: =COUNTIFS('SEPTIEMBRE 2025'!O:O, "SI",'SEPTIEMBRE 2025'!AY:AY, "DISTOCICO") -> 0 | AE7: =COUNTIFS('SEPTIEMBRE 2025'!P:P, "SI",'SEPTIEMBRE 2025'!AY:AY, "DISTOCICO") -> 0 | AF7: =COUNTIFS('SEPTIEMBRE 2025'!O:O, "SI",'SEPTIEMBRE 2025'!AY:AY, "DISTOCICO") -> 0 | AG7: 0
B8: CESÁREA ELECTIVA | D8: =SUM(E8:H8) -> 0 | E8: =COUNTIFS('SEPTIEMBRE 2025'!N:N, "<15", 'SEPTIEMBRE 2025'!AY:AY, "CES,ELECTIVA") -> 0 | F8: =COUNTIFS('SEPTIEMBRE 2025'!N:N, ">14",'SEPTIEMBRE 2025'!N:N, "<20", 'SEPTIEMBRE 2025'!AY:AY, "CES.ELECTIVA") -> 0 | G8: =COUNTIFS('SEPTIEMBRE 2025'!N:N, ">19",'SEPTIEMBRE 2025'!N:N, "<35", 'SEPTIEMBRE 2025'!AY:AY, "CES.ELECTIVA") -> 0 | H8: =COUNTIFS('SEPTIEMBRE 2025'!N:N, ">34", 'SEPTIEMBRE 2025'!AY:AY,"CES.ELECTIVA") -> 0 | I8: =COUNTIFS('SEPTIEMBRE 2025'!AL:AL, "<24",'SEPTIEMBRE 2025'!AY:AY, "CES.ELECTIVA") -> 0 | J8: =COUNTIFS('SEPTIEMBRE 2025'!AL:AL, ">23", 'SEPTIEMBRE 2025'!AL:AL, "<29",'SEPTIEMBRE 2025'!AY:AY, "CES.ELECTIVA") -> 0 | K8: =COUNTIFS('SEPTIEMBRE 2025'!AL:AL, ">28",'SEPTIEMBRE 2025'!AL:AL, "<33", 'SEPTIEMBRE 2025'!AY:AY, "CES.ELECTIVA") -> 0 | L8: =COUNTIFS('SEPTIEMBRE 2025'!AL:AL, ">32",'SEPTIEMBRE 2025'!AL:AL, "<37", 'SEPTIEMBRE 2025'!AY:AY, "CES.ELECTIVA") -> 0 | M8: =COUNTIFS('SEPTIEMBRE 2025'!AZ:AZ, "SI", 'SEPTIEMBRE 2025'!AY:AY, "CES.ELECTIVA") -> 0 | N8: =COUNTIFS('SEPTIEMBRE 2025'!BN:BN,"SI", 'SEPTIEMBRE 2025'!AY:AY, "CES.ELECTIVA") -> 0 | O8: =COUNTIFS('SEPTIEMBRE 2025'!BO:BO, "SI", 'SEPTIEMBRE 2025'!AY:AY, "CES.ELECTIVA") -> 0 | P8: =COUNTIFS('SEPTIEMBRE 2025'!BP:BP, "SI", 'SEPTIEMBRE 2025'!AY:AY, "CES.ELECTIVA") -> 0 | Q8: =COUNTIFS('SEPTIEMBRE 2025'!BQ:BQ,"SI", 'SEPTIEMBRE 2025'!AY:AY, "CES.ELECTIVA") -> 0 | R8: =COUNTIFS('SEPTIEMBRE 2025'!BR:BR,"SI", 'SEPTIEMBRE 2025'!AY:AY, "CES.ELECTIVA") -> 0 | S8: =COUNTIFS('SEPTIEMBRE 2025'!BS:BS, "SI", 'SEPTIEMBRE 2025'!AY:AY, "CES.ELECTIVA") -> 0 | T8: =COUNTIFS('SEPTIEMBRE 2025'!CE:CE, "SI", 'SEPTIEMBRE 2025'!AY:AY, "CES.ELECTIVA") -> 0 | U8: =COUNTIFS('SEPTIEMBRE 2025'!CC:CC, "<2500",'SEPTIEMBRE 2025'!CH:CH, "4", 'SEPTIEMBRE 2025'!AY:AY, "CES.ELETIVA", 'SEPTIEMBRE 2025'!CI:CI, "NO") -> 0 | V8: =COUNTIFS('SEPTIEMBRE 2025'!AY:AY, "CES.ELECTIVA",'SEPTIEMBRE 2025'!CC:CC, ">2499",'SEPTIEMBRE 2025'!CH:CH, "4", 'SEPTIEMBRE 2025'!CI:CI, "NO") -> 0 | W8: =COUNTIFS('SEPTIEMBRE 2025'!CC:CC, "<2500",'SEPTIEMBRE 2025'!CH:CH, "4", 'SEPTIEMBRE 2025'!AY:AY, "CES.ELETIVA", 'SEPTIEMBRE 2025'!CI:CI, "SI") -> 0 | X8: =COUNTIFS('SEPTIEMBRE 2025'!AY:AY, "CES.ELECTIVA",'SEPTIEMBRE 2025'!CC:CC, ">2499",'SEPTIEMBRE 2025'!CH:CH, "4", 'SEPTIEMBRE 2025'!CI:CI, "SI") -> 0 | AA8: 0 | AB8: =COUNTIFS('SEPTIEMBRE 2025'!M:M, "SI",'SEPTIEMBRE 2025'!AY:AY, "CES.ELECTIVA") -> 0 | AC8: =COUNTIFS('SEPTIEMBRE 2025'!K:K, "<15", 'SEPTIEMBRE 2025'!AY:AY, "CES.ELECTIVA") -> 0 | AD8: =COUNTIFS('SEPTIEMBRE 2025'!O:O, "SI",'SEPTIEMBRE 2025'!AY:AY, "CES.ELECTIVA") -> 0 | AE8: =COUNTIFS('SEPTIEMBRE 2025'!P:P, "SI",'SEPTIEMBRE 2025'!AY:AY, "CES.ELECTIVA") -> 0 | AF8: =COUNTIFS('SEPTIEMBRE 2025'!K:K, "<15", 'SEPTIEMBRE 2025'!AY:AY, "CES.ELECTIVA") -> 0 | AG8: 0
B9: CESÁREA URGENCIA | D9: =SUM(E9:H9) -> 0 | E9: =COUNTIFS('SEPTIEMBRE 2025'!N:N, "<15", 'SEPTIEMBRE 2025'!AY:AY, "CES. URGENCIA") -> 0 | F9: =COUNTIFS('SEPTIEMBRE 2025'!N:N, ">14",'SEPTIEMBRE 2025'!N:N, "<20", 'SEPTIEMBRE 2025'!AY:AY, "CES. URGENCIA") -> 0 | G9: =COUNTIFS('SEPTIEMBRE 2025'!N:N, ">19",'SEPTIEMBRE 2025'!N:N, "<35", 'SEPTIEMBRE 2025'!AY:AY, "CES. URGENCIA") -> 0 | H9: =COUNTIFS('SEPTIEMBRE 2025'!N:N, ">34", 'SEPTIEMBRE 2025'!AY:AY,"CES. URGENCIA") -> 0 | I9: =COUNTIFS('SEPTIEMBRE 2025'!AL:AL, "<24",'SEPTIEMBRE 2025'!AY:AY, "CES. URGENCIA") -> 0 | J9: =COUNTIFS('SEPTIEMBRE 2025'!AL:AL, ">23",'SEPTIEMBRE 2025'!AL:AL, "<29", 'SEPTIEMBRE 2025'!AY:AY, "CES. URGENCIA") -> 0 | K9: =COUNTIFS('SEPTIEMBRE 2025'!AL:AL, ">28",'SEPTIEMBRE 2025'!AL:AL, "<33",'SEPTIEMBRE 2025'!AY:AY, "CES. URGENCIA") -> 0 | L9: =COUNTIFS('SEPTIEMBRE 2025'!AL:AL, ">32",'SEPTIEMBRE 2025'!AL:AL, "<37", 'SEPTIEMBRE 2025'!AY:AY, "CES. URGENCIA") -> 0 | M9: =COUNTIFS('SEPTIEMBRE 2025'!AZ:AZ, "SI", 'SEPTIEMBRE 2025'!AY:AY, "CES. URGENCIA") -> 0 | N9: =COUNTIFS('SEPTIEMBRE 2025'!BN:BN,"SI", 'SEPTIEMBRE 2025'!AY:AY, "CES. URGENCIA") -> 0 | O9: =COUNTIFS('SEPTIEMBRE 2025'!BO:BO, "SI", 'SEPTIEMBRE 2025'!AY:AY, "CES. URGENCIA") -> 0 | P9: =COUNTIFS('SEPTIEMBRE 2025'!BP:BP, "SI", 'SEPTIEMBRE 2025'!AY:AY, "CES. URGENCIA") -> 0 | Q9: =COUNTIFS('SEPTIEMBRE 2025'!BQ:BQ,"SI", 'SEPTIEMBRE 2025'!AY:AY, "CES. URGENCIA") -> 0 | R9: =COUNTIFS('SEPTIEMBRE 2025'!BR:BR,"SI", 'SEPTIEMBRE 2025'!AY:AY, "CES. URGENCIA") -> 0 | S9: =COUNTIFS('SEPTIEMBRE 2025'!BS:BS, "SI", 'SEPTIEMBRE 2025'!AY:AY, "CES. URGENCIA") -> 0 | T9: =COUNTIFS('SEPTIEMBRE 2025'!CE:CE, "SI", 'SEPTIEMBRE 2025'!AY:AY, "CES. URGENCIA") -> 0 | U9: =COUNTIFS('SEPTIEMBRE 2025'!CC:CC, "<2500",'SEPTIEMBRE 2025'!CH:CH, "4", 'SEPTIEMBRE 2025'!AY:AY, "CES. URGENCIA", 'SEPTIEMBRE 2025'!CI:CI, "NO") -> 0 | V9: =COUNTIFS('SEPTIEMBRE 2025'!AY:AY, "CES. URGENCIA",'SEPTIEMBRE 2025'!CC:CC, ">2499",'SEPTIEMBRE 2025'!CH:CH, "4", 'SEPTIEMBRE 2025'!CI:CI, "NO") -> 0 | W9: =COUNTIFS('SEPTIEMBRE 2025'!CC:CC, "<2500",'SEPTIEMBRE 2025'!CH:CH, "4", 'SEPTIEMBRE 2025'!AY:AY, "CES. URGENCIA", 'SEPTIEMBRE 2025'!CI:CI, "SI") -> 0 | X9: =COUNTIFS('SEPTIEMBRE 2025'!AY:AY, "CES. URGENCIA",'SEPTIEMBRE 2025'!CC:CC, ">2499",'SEPTIEMBRE 2025'!CH:CH, "4", 'SEPTIEMBRE 2025'!CI:CI, "SI") -> 0 | AA9: 0 | AB9: =COUNTIFS('SEPTIEMBRE 2025'!M:M, "SI",'SEPTIEMBRE 2025'!AY:AY, "CES. URGENCIA") -> 0 | AC9: =COUNTIFS('SEPTIEMBRE 2025'!K:K, "<15", 'SEPTIEMBRE 2025'!AY:AY, "CES. URGENCIA") -> 0 | AD9: =COUNTIFS('SEPTIEMBRE 2025'!O:O, "SI",'SEPTIEMBRE 2025'!AY:AY, "CES. URGENCIA") -> 0 | AE9: =COUNTIFS('SEPTIEMBRE 2025'!P:P, "SI",'SEPTIEMBRE 2025'!AY:AY, "CES. URGENCIA") -> 0 | AF9: =COUNTIFS('SEPTIEMBRE 2025'!K:K, "<15", 'SEPTIEMBRE 2025'!AY:AY, "CES. URGENCIA") -> 0 | AG9: 0
B10: PARTO PREHOSPITALARIO (en establecimientos salud o ambulancias) | D10: =SUM(E10:H10) -> 0 | E10: =COUNTIFS('SEPTIEMBRE 2025'!N:N, "<15",'SEPTIEMBRE 2025'!AY:AY, "EUTOCICO", 'SEPTIEMBRE 2025'!B:B, "PREHOSPITALARIO") -> 0 | F10: =COUNTIFS('SEPTIEMBRE 2025'!N:N, ">14",'SEPTIEMBRE 2025'!N:N, "<20", 'SEPTIEMBRE 2025'!AY:AY, "EUTOCICO", 'SEPTIEMBRE 2025'!B:B, "PREHOSPITALARIO") -> 0 | G10: =COUNTIFS('SEPTIEMBRE 2025'!O:O, ">14",'SEPTIEMBRE 2025'!O:O, "<20", 'SEPTIEMBRE 2025'!AZ:AZ, "EUTOCICO", 'SEPTIEMBRE 2025'!C:C, "PREHOSPITALARIO") -> 0 | H10: =COUNTIFS('SEPTIEMBRE 2025'!P:P, ">14",'SEPTIEMBRE 2025'!P:P, "<20", 'SEPTIEMBRE 2025'!BA:BA, "EUTOCICO", 'SEPTIEMBRE 2025'!D:D, "PREHOSPITALARIO") -> 0 | I10: =COUNTIFS('SEPTIEMBRE 2025'!Q:Q, ">14",'SEPTIEMBRE 2025'!Q:Q, "<20", 'SEPTIEMBRE 2025'!BB:BB, "EUTOCICO", 'SEPTIEMBRE 2025'!E:E, "PREHOSPITALARIO") -> 0 | J10: =COUNTIFS('SEPTIEMBRE 2025'!R:R, ">14",'SEPTIEMBRE 2025'!R:R, "<20", 'SEPTIEMBRE 2025'!BC:BC, "EUTOCICO", 'SEPTIEMBRE 2025'!G:G, "PREHOSPITALARIO") -> 0 | K10: =COUNTIFS('SEPTIEMBRE 2025'!S:S, ">14",'SEPTIEMBRE 2025'!S:S, "<20", 'SEPTIEMBRE 2025'!BD:BD, "EUTOCICO", 'SEPTIEMBRE 2025'!H:H, "PREHOSPITALARIO") -> 0 | L10: =COUNTIFS('SEPTIEMBRE 2025'!T:T, ">14",'SEPTIEMBRE 2025'!T:T, "<20", 'SEPTIEMBRE 2025'!BE:BE, "EUTOCICO", 'SEPTIEMBRE 2025'!I:I, "PREHOSPITALARIO") -> 0 | M10: =COUNTIFS('SEPTIEMBRE 2025'!U:U, ">14",'SEPTIEMBRE 2025'!U:U, "<20", 'SEPTIEMBRE 2025'!BF:BF, "EUTOCICO", 'SEPTIEMBRE 2025'!J:J, "PREHOSPITALARIO") -> 0 | N10: =COUNTIFS('SEPTIEMBRE 2025'!V:V, ">14",'SEPTIEMBRE 2025'!V:V, "<20", 'SEPTIEMBRE 2025'!BG:BG, "EUTOCICO", 'SEPTIEMBRE 2025'!K:K, "PREHOSPITALARIO") -> 0 | O10: =COUNTIFS('SEPTIEMBRE 2025'!W:W, ">14",'SEPTIEMBRE 2025'!W:W, "<20", 'SEPTIEMBRE 2025'!BH:BH, "EUTOCICO", 'SEPTIEMBRE 2025'!L:L, "PREHOSPITALARIO") -> 0 | P10: =COUNTIFS('SEPTIEMBRE 2025'!X:X, ">14",'SEPTIEMBRE 2025'!X:X, "<20", 'SEPTIEMBRE 2025'!BI:BI, "EUTOCICO", 'SEPTIEMBRE 2025'!M:M, "PREHOSPITALARIO") -> 0 | Q10: =COUNTIFS('SEPTIEMBRE 2025'!Y:Y, ">14",'SEPTIEMBRE 2025'!Y:Y, "<20", 'SEPTIEMBRE 2025'!BJ:BJ, "EUTOCICO", 'SEPTIEMBRE 2025'!N:N, "PREHOSPITALARIO") -> 0 | R10: =COUNTIFS('SEPTIEMBRE 2025'!Z:Z, ">14",'SEPTIEMBRE 2025'!Z:Z, "<20", 'SEPTIEMBRE 2025'!BK:BK, "EUTOCICO", 'SEPTIEMBRE 2025'!O:O, "PREHOSPITALARIO") -> 0 | S10: =COUNTIFS('SEPTIEMBRE 2025'!AA:AA, ">14",'SEPTIEMBRE 2025'!AA:AA, "<20", 'SEPTIEMBRE 2025'!BL:BL, "EUTOCICO", 'SEPTIEMBRE 2025'!P:P, "PREHOSPITALARIO") -> 0 | T10: =COUNTIFS('SEPTIEMBRE 2025'!AB:AB, ">14",'SEPTIEMBRE 2025'!AB:AB, "<20", 'SEPTIEMBRE 2025'!BM:BM, "EUTOCICO", 'SEPTIEMBRE 2025'!Q:Q, "PREHOSPITALARIO") -> 0 | U10: =COUNTIFS('SEPTIEMBRE 2025'!AC:AC, ">14",'SEPTIEMBRE 2025'!AC:AC, "<20", 'SEPTIEMBRE 2025'!BN:BN, "EUTOCICO", 'SEPTIEMBRE 2025'!R:R, "PREHOSPITALARIO") -> 0 | V10: =COUNTIFS('SEPTIEMBRE 2025'!AD:AD, ">14",'SEPTIEMBRE 2025'!AD:AD, "<20", 'SEPTIEMBRE 2025'!BO:BO, "EUTOCICO", 'SEPTIEMBRE 2025'!S:S, "PREHOSPITALARIO") -> 0 | W10: =COUNTIFS('SEPTIEMBRE 2025'!AE:AE, ">14",'SEPTIEMBRE 2025'!AE:AE, "<20", 'SEPTIEMBRE 2025'!BP:BP, "EUTOCICO", 'SEPTIEMBRE 2025'!T:T, "PREHOSPITALARIO") -> 0 | X10: =COUNTIFS('SEPTIEMBRE 2025'!AF:AF, ">14",'SEPTIEMBRE 2025'!AF:AF, "<20", 'SEPTIEMBRE 2025'!BQ:BQ, "EUTOCICO", 'SEPTIEMBRE 2025'!U:U, "PREHOSPITALARIO") -> 0 | Y10: =COUNTIFS('SEPTIEMBRE 2025'!AG:AG, ">14",'SEPTIEMBRE 2025'!AG:AG, "<20", 'SEPTIEMBRE 2025'!BR:BR, "EUTOCICO", 'SEPTIEMBRE 2025'!V:V, "PREHOSPITALARIO") -> 0 | Z10: =COUNTIFS('SEPTIEMBRE 2025'!AH:AH, ">14",'SEPTIEMBRE 2025'!AH:AH, "<20", 'SEPTIEMBRE 2025'!BS:BS, "EUTOCICO", 'SEPTIEMBRE 2025'!W:W, "PREHOSPITALARIO") -> 0 | AA10: =COUNTIFS('SEPTIEMBRE 2025'!AI:AI, ">14",'SEPTIEMBRE 2025'!AI:AI, "<20", 'SEPTIEMBRE 2025'!BT:BT, "EUTOCICO", 'SEPTIEMBRE 2025'!X:X, "PREHOSPITALARIO") -> 0 | AB10: =COUNTIFS('SEPTIEMBRE 2025'!AJ:AJ, ">14",'SEPTIEMBRE 2025'!AJ:AJ, "<20", 'SEPTIEMBRE 2025'!BU:BU, "EUTOCICO", 'SEPTIEMBRE 2025'!Y:Y, "PREHOSPITALARIO") -> 0 | AC10: =COUNTIFS('SEPTIEMBRE 2025'!AK:AK, ">14",'SEPTIEMBRE 2025'!AK:AK, "<20", 'SEPTIEMBRE 2025'!BV:BV, "EUTOCICO", 'SEPTIEMBRE 2025'!Z:Z, "PREHOSPITALARIO") -> 0 | AD10: =COUNTIFS('SEPTIEMBRE 2025'!AL:AL, ">14",'SEPTIEMBRE 2025'!AL:AL, "<20", 'SEPTIEMBRE 2025'!BW:BW, "EUTOCICO", 'SEPTIEMBRE 2025'!AA:AA, "PREHOSPITALARIO") -> 0 | AE10: =COUNTIFS('SEPTIEMBRE 2025'!AP:AP, ">14",'SEPTIEMBRE 2025'!AP:AP, "<20", 'SEPTIEMBRE 2025'!BX:BX, "EUTOCICO", 'SEPTIEMBRE 2025'!AB:AB, "PREHOSPITALARIO") -> 0 | AF10: =COUNTIFS('SEPTIEMBRE 2025'!AN:AN, ">14",'SEPTIEMBRE 2025'!AN:AN, "<20", 'SEPTIEMBRE 2025'!BY:BY, "EUTOCICO", 'SEPTIEMBRE 2025'!AC:AC, "PREHOSPITALARIO") -> 0 | AG10: =COUNTIFS('SEPTIEMBRE 2025'!AP:AP, ">14",'SEPTIEMBRE 2025'!AP:AP, "<20", 'SEPTIEMBRE 2025'!BZ:BZ, "EUTOCICO", 'SEPTIEMBRE 2025'!AD:AD, "PREHOSPITALARIO") -> 0
B11: Plan de parto | D11: 0 | E11: 0 | F11: 0 | G11: 0 | H11: 0 | I11: 0 | J11: 0 | K11: 0 | L11: 0 | M11: 0 | N11: 0 | O11: 0 | P11: 0 | Q11: 0 | R11: 0 | S11: 0 | T11: 0 | U11: 0 | V11: 0 | W11: 0 | X11: 0 | Y11: 0 | Z11: 0 | AA11: 0 | AB11: 0 | AC11: 0 | AD11: 0 | AE11: 0 | AF11: 0 | AG11: 0
B12: PARTOS FUERA DE LA RED DE SALUD | D12: 0 | E12: 0 | F12: 0 | G12: 0 | H12: 0 | I12: 0 | J12: 0 | K12: 0 | L12: 0 | M12: 0 | N12: 0 | O12: 0 | P12: 0 | Q12: 0 | R12: 0 | S12: 0 | T12: 0 | U12: 0 | V12: 0 | W12: 0 | X12: 0 | Y12: 0 | Z12: 0 | AA12: 0 | AB12: 0 | AC12: 0 | AD12: 0 | AE12: 0 | AF12: 0 | AG12: 0
B13: ENTREGA DE PLACENTA A SOLICITUD | D13: 0 | E13: 0 | F13: 0 | G13: 0 | H13: 0 | I13: 0 | J13: 0 | K13: 0 | L13: 0 | M13: 0 | N13: 0 | O13: 0 | P13: 0 | Q13: 0 | R13: 0 | S13: 0 | T13: 0 | U13: 0 | V13: 0 | W13: 0 | X13: 0 | Y13: 0 | Z13: 0 | AA13: 0 | AB13: 0 | AC13: 0 | AD13: 0 | AE13: 0 | AF13: 0 | AG13: 0
B14: EMBARAZO NO CONTROLADO | D14: 0 | E14: 0 | F14: 0 | G14: 0 | H14: 0 | I14: 0 | J14: 0 | K14: 0 | L14: 0 | M14: 0 | N14: 0 | O14: 0 | P14: 0 | Q14: 0 | R14: 0 | S14: 0 | T14: 0 | U14: 0 | V14: 0 | W14: 0 | X14: 0 | Y14: 0 | Z14: 0 | AA14: 0 | AB14: 0 | AC14: 0 | AD14: 0 | AE14: 0 | AF14: 0 | AG14: 0
B15: PARTO EN DOMICILIO | C15: CON ATENCIÓN PROFESIONAL | D15: 0 | E15: 0 | F15: 0 | G15: 0 | H15: 0 | I15: 0 | J15: 0 | K15: 0 | L15: 0 | M15: 0 | N15: 0 | O15: 0 | P15: 0 | Q15: 0 | R15: 0 | S15: 0 | T15: 0 | U15: 0 | V15: 0 | W15: 0 | X15: 0 | Y15: 0 | Z15: 0 | AA15: 0 | AB15: 0 | AC15: 0 | AD15: 0 | AE15: 0 | AF15: 0 | AG15: 0
C16: SIN ATENCIÓN PROFESIONAL | D16: 0 | E16: 0 | F16: 0 | G16: 0 | H16: 0 | I16: 0 | J16: 0 | K16: 0 | L16: 0 | M16: 0 | N16: 0 | O16: 0 | P16: 0 | Q16: 0 | R16: 0 | S16: 0 | T16: 0 | U16: 0 | V16: 0 | W16: 0 | X16: 0 | Y16: 0 | Z16: 0 | AA16: 0 | AB16: 0 | AC16: 0 | AD16: 0 | AE16: 0 | AF16: 0 | AG16: 0
I19: EUTOCICO | L19: DISTOCICO
B20: CARACTERISTICAS DEL MODELO DE ATENCION | D20: TOTAL | E20: <28 semanas | F20: 28 a 37 semanas | G20: 38 semanas y más | I20: <28 semanas | J20: 28 a 37 semanas | K20: 38 semanas y más | L20: <28 semanas | M20: 29 a 37 semanas | N20: 39 semanas y más
B21: ESPONTANEO | D21: =SUM(E21:G21) -> 1 | E21: =I21+L21 -> 0 | F21: =J21+M21 -> 0 | G21: =K21+N21 -> 1 | I21: =COUNTIFS('SEPTIEMBRE 2025'!AL:AL, "<28",'SEPTIEMBRE 2025'!AY:AY, "EUTOCICO", 'SEPTIEMBRE 2025'!AP:AP,"NO") -> 0 | J21: =COUNTIFS('SEPTIEMBRE 2025'!AL:AL, "<38", 'SEPTIEMBRE 2025'!AL:AL, ">27",'SEPTIEMBRE 2025'!AY:AY, "EUTOCICO",'SEPTIEMBRE 2025'!AP:AP,"NO") -> 0 | K21: =COUNTIFS('SEPTIEMBRE 2025'!AL:AL, ">37",'SEPTIEMBRE 2025'!AY:AY, "EUTOCICO", 'SEPTIEMBRE 2025'!AP:AP,"NO") -> 1 | L21: =COUNTIFS('SEPTIEMBRE 2025'!AL:AL, "<28",'SEPTIEMBRE 2025'!AY:AY, "DISTOCICO",'SEPTIEMBRE 2025'!AP:AP,"NO") -> 0 | M21: =COUNTIFS('SEPTIEMBRE 2025'!AL:AL, "<38", 'SEPTIEMBRE 2025'!AL:AL, ">27",'SEPTIEMBRE 2025'!AY:AY, "DISTOCICO",'SEPTIEMBRE 2025'!AP:AP,"NO") -> 0 | N21: =COUNTIFS('SEPTIEMBRE 2025'!AL:AL, ">37",'SEPTIEMBRE 2025'!AY:AY, "DISTOCICO", 'SEPTIEMBRE 2025'!AP:AP,"NO") -> 0
B22: INDUCIDOS | C22: MECÁNICA | D22: =SUM(E22:G22) -> 0 | E22: 0 | F22: 0 | G22: 0 | I22: 0 | J22: 0 | K22: 0 | L22: 0 | M22: 0 | N22: 0
C23: FARMACOLÓGICA | D23: =SUM(E23:G23) -> 0 | E23: =I23+L23 -> 0 | F23: =J23+M23 -> 0 | G23: =K23+N23 -> 0 | I23: =COUNTIFS('SEPTIEMBRE 2025'!AL:AL, "<28",'SEPTIEMBRE 2025'!AY:AY, "EUTOCICO",'SEPTIEMBRE 2025'!AP:AP,"SI") -> 0 | J23: =COUNTIFS('SEPTIEMBRE 2025'!AL:AL, "<38", 'SEPTIEMBRE 2025'!AL:AL, ">27",'SEPTIEMBRE 2025'!AY:AY, "EUTOCICO", 'SEPTIEMBRE 2025'!AP:AP,"SI") -> 0 | K23: =COUNTIFS('SEPTIEMBRE 2025'!AL:AL, ">37",'SEPTIEMBRE 2025'!AY:AY, "EUTOCICO", 'SEPTIEMBRE 2025'!AP:AP,"SI") -> 0 | L23: =COUNTIFS('SEPTIEMBRE 2025'!AL:AL, "<28",'SEPTIEMBRE 2025'!AY:AY, "DISTOCICO", 'SEPTIEMBRE 2025'!AP:AP,"SI") -> 0 | M23: =COUNTIFS('SEPTIEMBRE 2025'!AL:AL, "<38", 'SEPTIEMBRE 2025'!AL:AL, ">27",'SEPTIEMBRE 2025'!AY:AY, "DISTOCICO", 'SEPTIEMBRE 2025'!AP:AP,"SI") -> 0 | N23: =COUNTIFS('SEPTIEMBRE 2025'!AL:AL, ">37",'SEPTIEMBRE 2025'!AY:AY, "DISTOCICO", 'SEPTIEMBRE 2025'!AP:AP,"SI") -> 0
B24: CONDUCCIÓN OXITÓCICA | D24: =SUM(I24:K24) -> 1 | E24: =I24+L24 -> 0 | F24: =J24+M24 -> 0 | G24: =K24+N24 -> 1 | I24: =COUNTIFS('SEPTIEMBRE 2025'!AL:AL, "<28",'SEPTIEMBRE 2025'!AY:AY, "EUTOCICO", 'SEPTIEMBRE 2025'!AN:AN,"SI") -> 0 | J24: =COUNTIFS('SEPTIEMBRE 2025'!AL:AL, "<38", 'SEPTIEMBRE 2025'!AL:AL, ">27", 'SEPTIEMBRE 2025'!AN:AN,"SI",'SEPTIEMBRE 2025'!AY:AY, "EUTOCICO" ) -> 0 | K24: =COUNTIFS('SEPTIEMBRE 2025'!AL:AL, ">37",'SEPTIEMBRE 2025'!AY:AY, "EUTOCICO", 'SEPTIEMBRE 2025'!AN:AN,"SI") -> 1 | L24: =COUNTIFS('SEPTIEMBRE 2025'!AL:AL, "<28",'SEPTIEMBRE 2025'!AY:AY, "DISTOCICO", 'SEPTIEMBRE 2025'!AN:AN,"SI") -> 0 | M24: =COUNTIFS('SEPTIEMBRE 2025'!AL:AL, "<38", 'SEPTIEMBRE 2025'!AL:AL, ">27", 'SEPTIEMBRE 2025'!AN:AN,"SI",'SEPTIEMBRE 2025'!AY:AY, "DISTOCICO" ) -> 0 | N24: =COUNTIFS('SEPTIEMBRE 2025'!AL:AL, ">37",'SEPTIEMBRE 2025'!AY:AY, "DISTOCICO", 'SEPTIEMBRE 2025'!AN:AN,"SI") -> 0
B25: LIBERTAD DE MOVIMIENTO | D25: =SUM(I25:K25) -> 0 | E25: =I25+L25 -> 0 | F25: =J25+M25 -> 0 | G25: =K25+N25 -> 0 | I25: =COUNTIFS('SEPTIEMBRE 2025'!AL:AL, "<28",'SEPTIEMBRE 2025'!AY:AY, "EUTOCICO", 'SEPTIEMBRE 2025'!AW:AW,"SI") -> 0 | J25: =COUNTIFS('SEPTIEMBRE 2025'!AL:AL, "<38", 'SEPTIEMBRE 2025'!AL:AL, ">27",'SEPTIEMBRE 2025'!AW:AW,"SI",'SEPTIEMBRE 2025'!AY:AY, "EUTOCICO") -> 0 | K25: =COUNTIFS('SEPTIEMBRE 2025'!AL:AL, ">37",'SEPTIEMBRE 2025'!AY:AY, "EUTOCICO", 'SEPTIEMBRE 2025'!AW:AW,"SI") -> 0 | L25: =COUNTIFS('SEPTIEMBRE 2025'!AL:AL, "<28",'SEPTIEMBRE 2025'!AY:AY, "DISTOCICO", 'SEPTIEMBRE 2025'!AW:AW,"SI") -> 0 | M25: =COUNTIFS('SEPTIEMBRE 2025'!AL:AL, "<38", 'SEPTIEMBRE 2025'!AL:AL, ">27", 'SEPTIEMBRE 2025'!AW:AW,"SI",'SEPTIEMBRE 2025'!AY:AY, "DISTOCICO") -> 0 | N25: =COUNTIFS('SEPTIEMBRE 2025'!AL:AL, ">37",'SEPTIEMBRE 2025'!AY:AY, "DISTOCICO", 'SEPTIEMBRE 2025'!AW:AW,"SI") -> 0
B26: RÉGIMEN HÍDRICO AMPLIO | D26: =SUM(I26:K26) -> 0 | E26: =I26+L26 -> 0 | F26: =J26+M26 -> 0 | G26: =K26+N26 -> 0 | I26: 0 | J26: =COUNTIFS('SEPTIEMBRE 2025'!AL:AL, "<38", 'SEPTIEMBRE 2025'!AL:AL, ">27",'SEPTIEMBRE 2025'!AY:AY, "EUTOCICO",'SEPTIEMBRE 2025'!AX:AX,"LIQUIDO") -> 0 | K26: =COUNTIFS('SEPTIEMBRE 2025'!AL:AL, ">37",'SEPTIEMBRE 2025'!AY:AY, "EUTOCICO",'SEPTIEMBRE 2025'!AX:AX,"LIQUIDO") -> 0 | L26: 0 | M26: =COUNTIFS('SEPTIEMBRE 2025'!AL:AL, "<38", 'SEPTIEMBRE 2025'!AL:AL, ">27",'SEPTIEMBRE 2025'!AY:AY, "DISTOCICO",'SEPTIEMBRE 2025'!AX:AX,"LIQUIDO") -> 0 | N26: =COUNTIFS('SEPTIEMBRE 2025'!AL:AL, ">37",'SEPTIEMBRE 2025'!AY:AY, "DISTOCICO",'SEPTIEMBRE 2025'!AX:AX,"LIQUIDO") -> 0
B27: Manejo del dolor | C27: No farmacológico | D27: =SUM(E27:G27) -> 0 | E27: =SUM(I27+L27) -> 0 | F27: =SUM(J27+M27) -> 0 | G27: =SUM(K27+N27) -> 0 | I27: =COUNTIFS('SEPTIEMBRE 2025'!AL:AL, "<28",'SEPTIEMBRE 2025'!AY:AY, "DISTOCICO", 'SEPTIEMBRE 2025'!BS:BS, "SI") -> 0 | J27: =COUNTIFS('SEPTIEMBRE 2025'!BS:BS, "SI", 'SEPTIEMBRE 2025'!AY:AY, "EUTOCICO", 'SEPTIEMBRE 2025'!AL:AL, "<38", 'SEPTIEMBRE 2025'!AL:AL, ">27") -> 0 | K27: =COUNTIFS('SEPTIEMBRE 2025'!BS:BS, "SI", 'SEPTIEMBRE 2025'!AY:AY, "EUTOCICO", 'SEPTIEMBRE 2025'!AL:AL, ">37") -> 0 | L27: =COUNTIFS('SEPTIEMBRE 2025'!AL:AL, "<28",'SEPTIEMBRE 2025'!AY:AY, "DISTOCICO", 'SEPTIEMBRE 2025'!BS:BS, "SI") -> 0 | M27: =COUNTIFS('SEPTIEMBRE 2025'!BS:BS, "SI", 'SEPTIEMBRE 2025'!AY:AY, "DISTOCICO", 'SEPTIEMBRE 2025'!AL:AL, "<38", 'SEPTIEMBRE 2025'!AL:AL, ">27") -> 0 | N27: =COUNTIFS('SEPTIEMBRE 2025'!BS:BS, "SI", 'SEPTIEMBRE 2025'!AY:AY, "DISTOCICO", 'SEPTIEMBRE 2025'!AL:AL, ">37") -> 0
C28: Farmacológico | D28: =SUM(E28:G28) -> 0 | E28: =SUM(I28+L28) -> 0 | F28: =SUM(J28+M28) -> 0 | G28: =SUM(K28+N28) -> 0 | I28: =COUNTIFS('SEPTIEMBRE 2025'!AL:AL, "<28",'SEPTIEMBRE 2025'!AY:AY, "DISTOCICO", 'SEPTIEMBRE 2025'!BS:BS, "SI") -> 0 | J28: =COUNTIFS('SEPTIEMBRE 2025'!CZ:CZ, "SI", 'SEPTIEMBRE 2025'!AY:AY, "EUTOCICO", 'SEPTIEMBRE 2025'!AL:AL, "<38", 'SEPTIEMBRE 2025'!AL:AL, ">27") -> 0 | K28: =COUNTIFS('SEPTIEMBRE 2025'!CZ:CZ, "SI", 'SEPTIEMBRE 2025'!AY:AY, "EUTOCICO", 'SEPTIEMBRE 2025'!AL:AL, ">37") -> 0 | L28: =COUNTIFS('SEPTIEMBRE 2025'!AL:AL, "<28",'SEPTIEMBRE 2025'!AY:AY, "DISTOCICO", 'SEPTIEMBRE 2025'!BS:BS, "SI") -> 0 | M28: =COUNTIFS('SEPTIEMBRE 2025'!BS:BS, "SI", 'SEPTIEMBRE 2025'!AY:AY, "DISTOCICO", 'SEPTIEMBRE 2025'!AL:AL, "<38", 'SEPTIEMBRE 2025'!AL:AL, ">27") -> 0 | N28: =COUNTIFS('SEPTIEMBRE 2025'!CZ:CZ, "SI", 'SEPTIEMBRE 2025'!AY:AY, "DISTOCICO", 'SEPTIEMBRE 2025'!AL:AL, ">37") -> 0
B29: POSICIÓN AL MOMENTO DEL EXPULSIVO | C29: LITOTOMÍA | D29: =SUM(E29:G29) -> 0 | E29: =I29+L29 -> 0 | F29: 0 | G29: 0 | I29: =COUNTIFS('SEPTIEMBRE 2025'!AL:AL, "<28",'SEPTIEMBRE 2025'!AY:AY, "EUTOCICO") -> 0 | J29: =COUNTIFS('SEPTIEMBRE 2025'!AL:AL, "<38", 'SEPTIEMBRE 2025'!AL:AL, ">27",'SEPTIEMBRE 2025'!AY:AY, "EUTOCICO",'SEPTIEMBRE 2025'!AP:AP,"NO") -> 0 | K29: =COUNTIFS('SEPTIEMBRE 2025'!AL:AL, ">37",'SEPTIEMBRE 2025'!AY:AY, "EUTOCICO", 'SEPTIEMBRE 2025'!AP:AP,"NO") -> 1 | L29: =COUNTIFS('SEPTIEMBRE 2025'!AL:AL, "<28",'SEPTIEMBRE 2025'!AY:AY, "DISTOCICO", 'SEPTIEMBRE 2025'!AP:AP,"NO") -> 0 | M29: =COUNTIFS('SEPTIEMBRE 2025'!AL:AL, "<38", 'SEPTIEMBRE 2025'!AL:AL, ">27",'SEPTIEMBRE 2025'!AY:AY, "DISTOCICO",'SEPTIEMBRE 2025'!AP:AP,"NO") -> 0 | N29: =COUNTIFS('SEPTIEMBRE 2025'!AL:AL, ">37",'SEPTIEMBRE 2025'!AY:AY, "DISTOCICO", 'SEPTIEMBRE 2025'!AP:AP,"NO") -> 0
C30: OTRAS POSICIONES | D30: =SUM(E30:G30) -> 103 | E30: =I30+L30 -> 0 | F30: 29 | G30: 74 | I30: 0 | L30: 0
B31: EPISIOTOMIA | D31: =SUM(F31:G31) -> 0 | E31: 0 | F31: 0 | G31: =COUNTIF('SEPTIEMBRE 2025'!BB:BB,"EPISIOTOMIA") -> 0 | I31: =COUNTIFS('SEPTIEMBRE 2025'!AL:AL, "<28",'SEPTIEMBRE 2025'!AY:AY, "EUTOCICO",'SEPTIEMBRE 2025'!BD:BD,"E") -> 0 | J31: =COUNTIFS('SEPTIEMBRE 2025'!AL:AL, "<38", 'SEPTIEMBRE 2025'!AL:AL, ">27",'SEPTIEMBRE 2025'!AY:AY, "EUTOCICO",'SEPTIEMBRE 2025'!BD:BD,"E") -> 0 | K31: =COUNTIFS('SEPTIEMBRE 2025'!AL:AL, ">37",'SEPTIEMBRE 2025'!AY:AY, "EUTOCICO",'SEPTIEMBRE 2025'!BD:BD,"E") -> 0 | L31: =COUNTIFS('SEPTIEMBRE 2025'!AL:AL, "<28",'SEPTIEMBRE 2025'!AY:AY, "DISTOCICO",'SEPTIEMBRE 2025'!BD:BD,"E") -> 0 | M31: =COUNTIFS('SEPTIEMBRE 2025'!AL:AL, "<38", 'SEPTIEMBRE 2025'!AL:AL, ">27",'SEPTIEMBRE 2025'!AY:AY, "DISTOCICO",'SEPTIEMBRE 2025'!BD:BD,"E") -> 0 | N31: =COUNTIFS('SEPTIEMBRE 2025'!AL:AL, ">37",'SEPTIEMBRE 2025'!AY:AY, "DISTOCICO",'SEPTIEMBRE 2025'!BD:BD,"E") -> 0
B32: ACOMPAÑAMIENTO | C32: DURANTE EL TRABAJO DE PARTO | D32: =SUM(I32:K32) -> 0 | E32: =SUM(I32+L32) -> 0 | F32: =SUM(J32+M32) -> 0 | G32: =SUM(K32+N32) -> 0 | I32: 0 | J32: =COUNTIFS('SEPTIEMBRE 2025'!AL:AL, "<38", 'SEPTIEMBRE 2025'!AL:AL, ">27",'SEPTIEMBRE 2025'!AY:AY, "EUTOCICO",'SEPTIEMBRE 2025'!CJ:CJ,"SI") -> 0 | K32: =COUNTIFS('SEPTIEMBRE 2025'!AL:AL, ">37",'SEPTIEMBRE 2025'!AY:AY, "EUTOCICO",'SEPTIEMBRE 2025'!CJ:CJ,"SI") -> 0 | L32: 0 | M32: =COUNTIFS('SEPTIEMBRE 2025'!AL:AL, "<38", 'SEPTIEMBRE 2025'!AL:AL, ">27",'SEPTIEMBRE 2025'!AY:AY, "DISTOCICO",'SEPTIEMBRE 2025'!CJ:CJ,"SI") -> 0 | N32: =COUNTIFS('SEPTIEMBRE 2025'!AL:AL, ">37",'SEPTIEMBRE 2025'!AY:AY, "DISTOCICO",'SEPTIEMBRE 2025'!CJ:CJ,"SI") -> 0
C33: SOLO EN EL EXPULSIVO | D33: =SUM(I33:K33) -> 1 | E33: =SUM(I33+L33) -> 0 | F33: =SUM(J33+M33) -> 0 | G33: =SUM(K33+N33) -> 1 | I33: 0 | J33: =COUNTIFS('SEPTIEMBRE 2025'!AL:AL, "<38", 'SEPTIEMBRE 2025'!AL:AL, ">27",'SEPTIEMBRE 2025'!AY:AY, "EUTOCICO",'SEPTIEMBRE 2025'!CK:CK,"SI") -> 0 | K33: =COUNTIFS('SEPTIEMBRE 2025'!AL:AL, ">37",'SEPTIEMBRE 2025'!AY:AY, "EUTOCICO",'SEPTIEMBRE 2025'!CK:CK,"SI") -> 1 | L33: 0 | M33: =COUNTIFS('SEPTIEMBRE 2025'!AL:AL, "<38", 'SEPTIEMBRE 2025'!AL:AL, ">27",'SEPTIEMBRE 2025'!AY:AY, "DISTOCICO",'SEPTIEMBRE 2025'!CK:CK,"SI") -> 0 | N33: =COUNTIFS('SEPTIEMBRE 2025'!AL:AL, ">37",'SEPTIEMBRE 2025'!AY:AY, "DISTOCICO",'SEPTIEMBRE 2025'!CK:CK,"SI") -> 0
B35: SECCIÓN G: ESTERILIZACIONES QUIRÚRGICAS
B36: SEXO | C36: TOTAL | D36: EDAD (en años) | G36: Trans | J36: REM A 21
D37: Menor de 20 años | E37: 20 - 34 años | F37: 35 y más años | G37: Masculino | H37: Femenino
B38: MUJER | C38: =SUM(D38:F38) -> 5 | D38: =COUNTIFS('SEPTIEMBRE 2025'!N:N, "<20",'SEPTIEMBRE 2025'!BE:BE, "SI") -> 0 | E38: =COUNTIFS('SEPTIEMBRE 2025'!N:N, ">19",'SEPTIEMBRE 2025'!N:N, "<35",'SEPTIEMBRE 2025'!BE:BE, "SI")+2 -> 2 | F38: =COUNTIFS('SEPTIEMBRE 2025'!N:N, ">34",'SEPTIEMBRE 2025'!BE:BE, "SI")+3 -> 3 | G38: 0 | H38: 0 | I38: *
B39: HOMBRE | C39: =SUM(D39:F39) -> 0
B41: * Corrección de dato con planilla de cirugias ginecologicas
B44: TIPO DE COMPLICACIÓN | D44: Atención institucional | G44: Parto en domicilio | J44: Cesárea | M44: Eutocicos | O44: Distocicos
D45: Parto Espontaneo | E45: Parto Inducido | F45: Cesárea | J45: Urgencia | K45: Electiva | M45: Espontaneo | N45: Inducido | O45: Espontaneo | P45: Inducido
B46: Hemorragia post parto | C46: Inercia | D46: =M46+O46 -> 0 | E46: =COUNTIFS('SEPTIEMBRE 2025'!BE:BE, "SI",'SEPTIEMBRE 2025'!B:B, "INSTITUCIONAL", 'SEPTIEMBRE 2025'!AP:AP,"si", 'SEPTIEMBRE 2025'!AP:AP,"SI") -> 0 | F46: =SUM(J46:K46) -> 0 | G46: 0 | J46: =COUNTIFS('SEPTIEMBRE 2025'!BG:BG, "SI",'SEPTIEMBRE 2025'!B:B, "INSTITUCIONAL", 'SEPTIEMBRE 2025'!AY:AY, "CES. URGENCIA") -> 0 | K46: =COUNTIFS('SEPTIEMBRE 2025'!BG:BG, "SI",'SEPTIEMBRE 2025'!B:B, "INSTITUCIONAL",'SEPTIEMBRE 2025'!AY:AY, "CES.ELECTIVA") -> 0 | M46: =COUNTIFS('SEPTIEMBRE 2025'!AY:AY, "EUTOCICO", 'SEPTIEMBRE 2025'!AP:AP,"NO", 'SEPTIEMBRE 2025'!BE:BE, "SI",'SEPTIEMBRE 2025'!B:B, "INSTITUCIONAL", 'SEPTIEMBRE 2025'!AP:AP,"NO") -> 0 | N46: =COUNTIFS('SEPTIEMBRE 2025'!AY:AY, "EUTOCICO", 'SEPTIEMBRE 2025'!AP:AP,"SI", 'SEPTIEMBRE 2025'!BE:BE, "SI",'SEPTIEMBRE 2025'!B:B, "INSTITUCIONAL", 'SEPTIEMBRE 2025'!AP:AP,"NO") -> 0 | O46: =COUNTIFS('SEPTIEMBRE 2025'!AY:AY, "DISTOCICO", 'SEPTIEMBRE 2025'!AP:AP,"NO", 'SEPTIEMBRE 2025'!BE:BE, "SI",'SEPTIEMBRE 2025'!B:B, "INSTITUCIONAL", 'SEPTIEMBRE 2025'!AP:AP,"NO") -> 0 | P46: =COUNTIFS('SEPTIEMBRE 2025'!AY:AY, "DISTOCICO", 'SEPTIEMBRE 2025'!AP:AP,"SI", 'SEPTIEMBRE 2025'!BE:BE, "SI",'SEPTIEMBRE 2025'!B:B, "INSTITUCIONAL", 'SEPTIEMBRE 2025'!AP:AP,"NO") -> 0
C47: Restos | D47: =M47+O47 -> 1 | E47: =N47+P47 -> 0 | F47: =SUM(J47:K47) -> 0 | G47: 0 | J47: =COUNTIFS('SEPTIEMBRE 2025'!BH:BH, "SI",'SEPTIEMBRE 2025'!B:B, "INSTITUCIONAL", 'SEPTIEMBRE 2025'!AY:AY, "CES. URGENCIA") -> 0 | K47: =COUNTIFS('SEPTIEMBRE 2025'!BH:BH, "SI",'SEPTIEMBRE 2025'!B:B, "INSTITUCIONAL",'SEPTIEMBRE 2025'!AY:AY, "CES.ELECTIVA") -> 0 | M47: =COUNTIFS('SEPTIEMBRE 2025'!BF:BF, "SI",'SEPTIEMBRE 2025'!B:B, "INSTITUCIONAL", 'SEPTIEMBRE 2025'!AP:AP,"NO", 'SEPTIEMBRE 2025'!AY:AY, "EUTOCICO") -> 1 | N47: =COUNTIFS('SEPTIEMBRE 2025'!BF:BF, "SI",'SEPTIEMBRE 2025'!B:B, "INSTITUCIONAL", 'SEPTIEMBRE 2025'!AP:AP,"SI", 'SEPTIEMBRE 2025'!AY:AY, "EUTOCICO") -> 0 | O47: =COUNTIFS('SEPTIEMBRE 2025'!BF:BF, "SI",'SEPTIEMBRE 2025'!B:B, "INSTITUCIONAL", 'SEPTIEMBRE 2025'!AP:AP,"NO", 'SEPTIEMBRE 2025'!AY:AY, "DISTOCICO") -> 0 | P47: =COUNTIFS('SEPTIEMBRE 2025'!BF:BF, "SI",'SEPTIEMBRE 2025'!B:B, "INSTITUCIONAL", 'SEPTIEMBRE 2025'!AP:AP,"SI", 'SEPTIEMBRE 2025'!AY:AY, "DISTOCICO") -> 0
C48: Trauma | D48: 0 | E48: 0 | F48: =SUM(J48:K48) -> 0 | G48: 0 | J48: =COUNTIFS('SEPTIEMBRE 2025'!BI:BI, "SI",'SEPTIEMBRE 2025'!B:B, "INSTITUCIONAL", 'SEPTIEMBRE 2025'!AY:AY, "CES. URGENCIA") -> 0 | K48: =COUNTIFS('SEPTIEMBRE 2025'!BI:BI, "SI",'SEPTIEMBRE 2025'!B:B, "INSTITUCIONAL",'SEPTIEMBRE 2025'!AY:AY, "CES.ELECTIVA") -> 0 | M48: =COUNTIFS('SEPTIEMBRE 2025'!BH:BH, "SI",'SEPTIEMBRE 2025'!B:B, "INSTITUCIONAL", 'SEPTIEMBRE 2025'!AP:AP,"NO", 'SEPTIEMBRE 2025'!AY:AY, "EUTOCICO") -> 0
C49: Desgarros III y IV | D49: 0 | E49: 0 | F49: =SUM(J49:K49) -> 0 | G49: 0 | J49: 0 | K49: 0 | M49: =COUNTIFS('SEPTIEMBRE 2025'!AN:AN, "<28",'SEPTIEMBRE 2025'!BA:BA, "EUTOCICO", 'SEPTIEMBRE 2025'!AS:AS,"SI") -> 0 | N49: 0 | O49: 0 | P49: 0
C50: Alteraciones de la coagulación | D50: =COUNTIFS('SEPTIEMBRE 2025'!BJ:BJ, "SI",'SEPTIEMBRE 2025'!B:B, "INSTITUCIONAL", 'SEPTIEMBRE 2025'!AP:AP,"NO") -> 0 | E50: =COUNTIFS('SEPTIEMBRE 2025'!BJ:BJ, "SI",'SEPTIEMBRE 2025'!B:B, "INSTITUCIONAL", 'SEPTIEMBRE 2025'!AP:AP,"si", 'SEPTIEMBRE 2025'!AP:AP,"SI") -> 0 | F50: =SUM(J50:K50) -> 0 | G50: 0 | J50: =COUNTIFS('SEPTIEMBRE 2025'!BJ:BJ, "SI",'SEPTIEMBRE 2025'!B:B, "INSTITUCIONAL", 'SEPTIEMBRE 2025'!AY:AY, "CES. URGENCIA") -> 0 | K50: =COUNTIFS('SEPTIEMBRE 2025'!BJ:BJ, "SI",'SEPTIEMBRE 2025'!B:B, "INSTITUCIONAL",'SEPTIEMBRE 2025'!AY:AY, "CES.ELECTIVA") -> 0 | M50: =COUNTIFS('SEPTIEMBRE 2025'!AN:AN, "<28",'SEPTIEMBRE 2025'!BA:BA, "EUTOCICO", 'SEPTIEMBRE 2025'!BE:BE,"SI") -> 0
B51: Preeclampsia severa | D51: 0 | E51: =COUNTIFS('SEPTIEMBRE 2025'!V:V, "SI",'SEPTIEMBRE 2025'!B:B, "INSTITUCIONAL", 'SEPTIEMBRE 2025'!AP:AP,"SI") -> 0 | F51: =SUM(J51:K51) -> 0 | G51: 0 | J51: =COUNTIFS('SEPTIEMBRE 2025'!V:V, "SI",'SEPTIEMBRE 2025'!B:B, "INSTITUCIONAL", 'SEPTIEMBRE 2025'!AY:AY, "CES. URGENCIA") -> 0 | K51: =COUNTIFS('SEPTIEMBRE 2025'!V:V, "SI",'SEPTIEMBRE 2025'!B:B, "INSTITUCIONAL",'SEPTIEMBRE 2025'!AY:AY, "CES.ELECTIVA") -> 0 | M51: 0
B52: Eclampsia | D52: =COUNTIFS('SEPTIEMBRE 2025'!U:U, "SI",'SEPTIEMBRE 2025'!B:B, "INSTITUCIONAL", 'SEPTIEMBRE 2025'!AP:AP,"NO") -> 0 | E52: =COUNTIFS('SEPTIEMBRE 2025'!U:U, "SI",'SEPTIEMBRE 2025'!B:B, "INSTITUCIONAL", 'SEPTIEMBRE 2025'!AP:AP,"SI") -> 0 | F52: =SUM(J52:K52) -> 0 | G52: 0 | J52: =COUNTIFS('SEPTIEMBRE 2025'!U:U, "SI",'SEPTIEMBRE 2025'!B:B, "INSTITUCIONAL", 'SEPTIEMBRE 2025'!AY:AY, "CES. URGENCIA") -> 0 | K52: =COUNTIFS('SEPTIEMBRE 2025'!U:U, "SI",'SEPTIEMBRE 2025'!B:B, "INSTITUCIONAL",'SEPTIEMBRE 2025'!AY:AY, "CES.ELECTIVA") -> 0 | M52: =COUNTIFS('SEPTIEMBRE 2025'!AN:AN, "<28",'SEPTIEMBRE 2025'!BA:BA, "EUTOCICO") -> 0
B53: Sepsis o infección sistémica grave | D53: =COUNTIFS('SEPTIEMBRE 2025'!V:V, "SI",'SEPTIEMBRE 2025'!B:B, "INSTITUCIONAL", 'SEPTIEMBRE 2025'!AP:AP,"NO") -> 0 | E53: =COUNTIFS('SEPTIEMBRE 2025'!V:V, "SI",'SEPTIEMBRE 2025'!B:B, "INSTITUCIONAL", 'SEPTIEMBRE 2025'!AP:AP,"SI") -> 0 | F53: =SUM(J53:K53) -> 0 | G53: 0 | J53: =COUNTIFS('SEPTIEMBRE 2025'!V:V, "SI",'SEPTIEMBRE 2025'!B:B, "INSTITUCIONAL", 'SEPTIEMBRE 2025'!AY:AY, "CES. URGENCIA") -> 0 | K53: =COUNTIFS('SEPTIEMBRE 2025'!V:V, "SI",'SEPTIEMBRE 2025'!B:B, "INSTITUCIONAL",'SEPTIEMBRE 2025'!AY:AY, "CES.ELECTIVA") -> 0 | M53: 0
B54: Manejo quirúrgico de la inercia uterina | E54: =COUNTIFS('SEPTIEMBRE 2025'!BI:BI, "SI",'SEPTIEMBRE 2025'!B:B, "INSTITUCIONAL", 'SEPTIEMBRE 2025'!AP:AP,"SI") -> 0 | F54: =SUM(J54:K54) -> 0 | G54: 0 | J54: =COUNTIFS('SEPTIEMBRE 2025'!BI:BI, "SI",'SEPTIEMBRE 2025'!B:B, "INSTITUCIONAL", 'SEPTIEMBRE 2025'!AY:AY, "CES. URGENCIA") -> 0 | K54: =COUNTIFS('SEPTIEMBRE 2025'!BJ:BJ, "SI",'SEPTIEMBRE 2025'!C:C, "INSTITUCIONAL",'SEPTIEMBRE 2025'!AY:AY, "CES.ELECTIVA") -> 0 | M54: =COUNTIFS('SEPTIEMBRE 2025'!BI:BI, "SI",'SEPTIEMBRE 2025'!B:B, "INSTITUCIONAL", 'SEPTIEMBRE 2025'!AP:AP,"NO",'SEPTIEMBRE 2025'!AY:AY, "EUTOCICO") -> 0 | N54: =COUNTIFS('SEPTIEMBRE 2025'!BI:BI, "SI",'SEPTIEMBRE 2025'!B:B, "INSTITUCIONAL", 'SEPTIEMBRE 2025'!AP:AP,"SI",'SEPTIEMBRE 2025'!AY:AY, "EUTOCICO") -> 0 | O54: =COUNTIFS('SEPTIEMBRE 2025'!BI:BI, "SI",'SEPTIEMBRE 2025'!B:B, "INSTITUCIONAL", 'SEPTIEMBRE 2025'!AP:AP,"NO",'SEPTIEMBRE 2025'!AY:AY, "DISTOCICO") -> 0 | P54: =COUNTIFS('SEPTIEMBRE 2025'!BI:BI, "SI",'SEPTIEMBRE 2025'!B:B, "INSTITUCIONAL", 'SEPTIEMBRE 2025'!AP:AP,"SI",'SEPTIEMBRE 2025'!AY:AY, "DISTOCICO") -> 0
B55: Histerectomía obstétrica | D55: =COUNTIFS('SEPTIEMBRE 2025'!BJ:BJ, "SI",'SEPTIEMBRE 2025'!B:B, "INSTITUCIONAL", 'SEPTIEMBRE 2025'!AP:AP,"NO") -> 0 | E55: =COUNTIFS('SEPTIEMBRE 2025'!BJ:BJ, "SI",'SEPTIEMBRE 2025'!B:B, "INSTITUCIONAL", 'SEPTIEMBRE 2025'!AP:AP,"SI") -> 0 | F55: =SUM(J55:K55) -> 0 | G55: 0 | J55: =COUNTIFS('SEPTIEMBRE 2025'!BJ:BJ, "SI",'SEPTIEMBRE 2025'!B:B, "INSTITUCIONAL", 'SEPTIEMBRE 2025'!AY:AY, "CES. URGENCIA") -> 0 | K55: =COUNTIFS('SEPTIEMBRE 2025'!BK:BK, "SI",'SEPTIEMBRE 2025'!C:C, "INSTITUCIONAL",'SEPTIEMBRE 2025'!AY:AY, "CES.ELECTIVA") -> 0 | M55: 0
B56: Anemia severa postmetrorragia que requiere transfusión | D56: =SUM(M56+O56) -> 0 | E56: =SUM(N56+P56) -> 0 | F56: =SUM(J56:K56) -> 0 | G56: 0 | J56: =COUNTIFS('SEPTIEMBRE 2025'!BK:BK, "SI",'SEPTIEMBRE 2025'!B:B, "INSTITUCIONAL", 'SEPTIEMBRE 2025'!AY:AY, "CES. URGENCIA") -> 0 | K56: =COUNTIFS('SEPTIEMBRE 2025'!BL:BL, "SI",'SEPTIEMBRE 2025'!C:C, "INSTITUCIONAL",'SEPTIEMBRE 2025'!AY:AY, "CES.ELECTIVA") -> 0 | M56: =COUNTIFS('SEPTIEMBRE 2025'!BK:BK, "SI",'SEPTIEMBRE 2025'!B:B, "INSTITUCIONAL", 'SEPTIEMBRE 2025'!AP:AP,"NO", 'SEPTIEMBRE 2025'!AY:AY, "EUTOCICO") -> 0 | N56: =COUNTIFS('SEPTIEMBRE 2025'!BK:BK, "SI",'SEPTIEMBRE 2025'!B:B, "INSTITUCIONAL", 'SEPTIEMBRE 2025'!AP:AP,"SI", 'SEPTIEMBRE 2025'!AY:AY, "EUTOCICO") -> 0 | O56: =COUNTIFS('SEPTIEMBRE 2025'!BK:BK, "SI",'SEPTIEMBRE 2025'!B:B, "INSTITUCIONAL", 'SEPTIEMBRE 2025'!AP:AP,"NO", 'SEPTIEMBRE 2025'!AY:AY, "DISTOCICO") -> 0 | P56: =COUNTIFS('SEPTIEMBRE 2025'!BK:BK, "SI",'SEPTIEMBRE 2025'!B:B, "INSTITUCIONAL", 'SEPTIEMBRE 2025'!AP:AP,"NO", 'SEPTIEMBRE 2025'!AY:AY, "DISTOCICO") -> 0

Sheet APS
B3: Fecha | C3: Hora | D3: Nombre | E3: R.U.T. | F3: DV | G3: CONSULTORIO | H3: TIPO DE PARTO | I3: PESO | J3: TALLA | K3: APGAR AL 1 | L3: APGAR 5 | M3: APEGO
B4: ='SEPTIEMBRE 2025'!D4 -> 45901 | C4: ='SEPTIEMBRE 2025'!E4 -> 0.41388889 | D4: ='SEPTIEMBRE 2025'!H4 -> NICOLE ANGELA FLORES ZAPATA | E4: ='SEPTIEMBRE 2025'!I4 -> 11111111 | F4: ='SEPTIEMBRE 2025'!J4 -> 0 | G4: ='SEPTIEMBRE 2025'!U4 -> FEDERICO PUGA | H4: ='SEPTIEMBRE 2025'!AY4 -> EUTOCICO | I4: ='SEPTIEMBRE 2025'!CC4 -> 3450 | J4: ='SEPTIEMBRE 2025'!CD4 -> 50 | K4: ='SEPTIEMBRE 2025'!CF4 -> 8 | L4: ='SEPTIEMBRE 2025'!CG4 -> 9 | M4: ='SEPTIEMBRE 2025'!CH4 -> 4
B5: ='SEPTIEMBRE 2025'!D5 -> 0 | C5: ='SEPTIEMBRE 2025'!E5 -> 0 | D5: ='SEPTIEMBRE 2025'!H5 -> 0 | E5: ='SEPTIEMBRE 2025'!I5 -> 0 | F5: ='SEPTIEMBRE 2025'!J5 -> 0 | G5: ='SEPTIEMBRE 2025'!U5 -> 0 | H5: ='SEPTIEMBRE 2025'!AY5 -> DISTOCICO | I5: ='SEPTIEMBRE 2025'!CC5 -> 3350 | J5: ='SEPTIEMBRE 2025'!CD5 -> 50 | K5: ='SEPTIEMBRE 2025'!CF5 -> 8 | L5: ='SEPTIEMBRE 2025'!CG5 -> 9 | M5: ='SEPTIEMBRE 2025'!CH5 -> 4
B6: ='SEPTIEMBRE 2025'!D6 -> 0 | C6: ='SEPTIEMBRE 2025'!E6 -> 0 | D6: ='SEPTIEMBRE 2025'!H6 -> 0 | E6: ='SEPTIEMBRE 2025'!I6 -> 0 | F6: ='SEPTIEMBRE 2025'!J6 -> 0 | G6: ='SEPTIEMBRE 2025'!U6 -> 0 | H6: ='SEPTIEMBRE 2025'!AY6 -> CES. URGENCIA | I6: ='SEPTIEMBRE 2025'!CC6 -> 0 | J6: ='SEPTIEMBRE 2025'!CD6 -> 0 | K6: ='SEPTIEMBRE 2025'!CF6 -> 0 | L6: ='SEPTIEMBRE 2025'!CG6 -> 0 | M6: ='SEPTIEMBRE 2025'!CH6 -> 0
B7: ='SEPTIEMBRE 2025'!D7 -> 0 | C7: ='SEPTIEMBRE 2025'!E7 -> 0 | D7: ='SEPTIEMBRE 2025'!H7 -> 0 | E7: ='SEPTIEMBRE 2025'!I7 -> 0 | F7: ='SEPTIEMBRE 2025'!J7 -> 0 | G7: ='SEPTIEMBRE 2025'!U7 -> 0 | H7: ='SEPTIEMBRE 2025'!AY7 -> CES.ELECTIVA | I7: ='SEPTIEMBRE 2025'!CC7 -> 0 | J7: ='SEPTIEMBRE 2025'!CD7 -> 0 | K7: ='SEPTIEMBRE 2025'!CF7 -> 0 | L7: ='SEPTIEMBRE 2025'!CG7 -> 0 | M7: ='SEPTIEMBRE 2025'!CH7 -> 0
B8: ='SEPTIEMBRE 2025'!D8 -> 0 | C8: ='SEPTIEMBRE 2025'!E8 -> 0 | D8: ='SEPTIEMBRE 2025'!H8 -> 0 | E8: ='SEPTIEMBRE 2025'!I8 -> 0 | F8: ='SEPTIEMBRE 2025'!J8 -> 0 | G8: ='SEPTIEMBRE 2025'!U8 -> 0 | H8: ='SEPTIEMBRE 2025'!AY8 -> 0 | I8: ='SEPTIEMBRE 2025'!CC8 -> 0 | J8: ='SEPTIEMBRE 2025'!CD8 -> 0 | K8: ='SEPTIEMBRE 2025'!CF8 -> 0 | L8: ='SEPTIEMBRE 2025'!CG8 -> 0 | M8: ='SEPTIEMBRE 2025'!CH8 -> 0
B9: ='SEPTIEMBRE 2025'!D9 -> 0 | C9: ='SEPTIEMBRE 2025'!E9 -> 0 | D9: ='SEPTIEMBRE 2025'!H9 -> 0 | E9: ='SEPTIEMBRE 2025'!I9 -> 0 | F9: ='SEPTIEMBRE 2025'!J9 -> 0 | G9: ='SEPTIEMBRE 2025'!U9 -> 0 | H9: ='SEPTIEMBRE 2025'!AY9 -> 0 | I9: ='SEPTIEMBRE 2025'!CC9 -> 0 | J9: ='SEPTIEMBRE 2025'!CD9 -> 0 | K9: ='SEPTIEMBRE 2025'!CF9 -> 0 | L9: ='SEPTIEMBRE 2025'!CG9 -> 0 | M9: ='SEPTIEMBRE 2025'!CH9 -> 0
B10: ='SEPTIEMBRE 2025'!D10 -> 0 | C10: ='SEPTIEMBRE 2025'!E10 -> 0 | D10: ='SEPTIEMBRE 2025'!H10 -> 0 | E10: ='SEPTIEMBRE 2025'!I10 -> 0 | F10: ='SEPTIEMBRE 2025'!J10 -> 0 | G10: ='SEPTIEMBRE 2025'!U10 -> 0 | H10: ='SEPTIEMBRE 2025'!AY10 -> 0 | I10: ='SEPTIEMBRE 2025'!CC10 -> 0 | J10: ='SEPTIEMBRE 2025'!CD10 -> 0 | K10: ='SEPTIEMBRE 2025'!CF10 -> 0 | L10: ='SEPTIEMBRE 2025'!CG10 -> 0 | M10: ='SEPTIEMBRE 2025'!CH10 -> 0
B11: ='SEPTIEMBRE 2025'!D11 -> 0 | C11: ='SEPTIEMBRE 2025'!E11 -> 0 | D11: ='SEPTIEMBRE 2025'!H11 -> 0 | E11: ='SEPTIEMBRE 2025'!I11 -> 0 | F11: ='SEPTIEMBRE 2025'!J11 -> 0 | G11: ='SEPTIEMBRE 2025'!U11 -> 0 | H11: ='SEPTIEMBRE 2025'!AY11 -> 0 | I11: ='SEPTIEMBRE 2025'!CC11 -> 0 | J11: ='SEPTIEMBRE 2025'!CD11 -> 0 | K11: ='SEPTIEMBRE 2025'!CF11 -> 0 | L11: ='SEPTIEMBRE 2025'!CG11 -> 0 | M11: ='SEPTIEMBRE 2025'!CH11 -> 0
B12: ='SEPTIEMBRE 2025'!D12 -> 0 | C12: ='SEPTIEMBRE 2025'!E12 -> 0 | D12: ='SEPTIEMBRE 2025'!H12 -> 0 | E12: ='SEPTIEMBRE 2025'!I12 -> 0 | F12: ='SEPTIEMBRE 2025'!J12 -> 0 | G12: ='SEPTIEMBRE 2025'!U12 -> 0 | H12: ='SEPTIEMBRE 2025'!AY12 -> 0 | I12: ='SEPTIEMBRE 2025'!CC12 -> 0 | J12: ='SEPTIEMBRE 2025'!CD12 -> 0 | K12: ='SEPTIEMBRE 2025'!CF12 -> 0 | L12: ='SEPTIEMBRE 2025'!CG12 -> 0 | M12: ='SEPTIEMBRE 2025'!CH12 -> 0
B13: ='SEPTIEMBRE 2025'!D13 -> 0 | C13: ='SEPTIEMBRE 2025'!E13 -> 0 | D13: ='SEPTIEMBRE 2025'!H13 -> 0 | E13: ='SEPTIEMBRE 2025'!I13 -> 0 | F13: ='SEPTIEMBRE 2025'!J13 -> 0 | G13: ='SEPTIEMBRE 2025'!U13 -> 0 | H13: ='SEPTIEMBRE 2025'!AY13 -> 0 | I13: ='SEPTIEMBRE 2025'!CC13 -> 0 | J13: ='SEPTIEMBRE 2025'!CD13 -> 0 | K13: ='SEPTIEMBRE 2025'!CF13 -> 0 | L13: ='SEPTIEMBRE 2025'!CG13 -> 0 | M13: ='SEPTIEMBRE 2025'!CH13 -> 0
B14: ='SEPTIEMBRE 2025'!D14 -> 0 | C14: ='SEPTIEMBRE 2025'!E14 -> 0 | D14: ='SEPTIEMBRE 2025'!H14 -> 0 | E14: ='SEPTIEMBRE 2025'!I14 -> 0 | F14: ='SEPTIEMBRE 2025'!J14 -> 0 | G14: ='SEPTIEMBRE 2025'!U14 -> 0 | H14: ='SEPTIEMBRE 2025'!AY14 -> 0 | I14: ='SEPTIEMBRE 2025'!CC14 -> 0 | J14: ='SEPTIEMBRE 2025'!CD14 -> 0 | K14: ='SEPTIEMBRE 2025'!CF14 -> 0 | L14: ='SEPTIEMBRE 2025'!CG14 -> 0 | M14: ='SEPTIEMBRE 2025'!CH14 -> 0
B15: ='SEPTIEMBRE 2025'!D15 -> 0 | C15: ='SEPTIEMBRE 2025'!E15 -> 0 | D15: ='SEPTIEMBRE 2025'!H15 -> 0 | E15: ='SEPTIEMBRE 2025'!I15 -> 0 | F15: ='SEPTIEMBRE 2025'!J15 -> 0 | G15: ='SEPTIEMBRE 2025'!U15 -> 0 | H15: ='SEPTIEMBRE 2025'!AY15 -> 0 | I15: ='SEPTIEMBRE 2025'!CC15 -> 0 | J15: ='SEPTIEMBRE 2025'!CD15 -> 0 | K15: ='SEPTIEMBRE 2025'!CF15 -> 0 | L15: ='SEPTIEMBRE 2025'!CG15 -> 0 | M15: ='SEPTIEMBRE 2025'!CH15 -> 0
... B38: ='SEPTIEMBRE 2025'!D38 -> 0 | C38: ='SEPTIEMBRE 2025'!E38 -> 0 | D38: ='SEPTIEMBRE 2025'!H38 -> 0 | E38: ='SEPTIEMBRE 2025'!I38 -> 0 | F38: ='SEPTIEMBRE 2025'!J38 -> 0 | G38: ='SEPTIEMBRE 2025'!U38 -> 0 | H38: ='SEPTIEMBRE 2025'!AY38 -> 0 | I38: ='SEPTIEMBRE 2025'!CC38 -> 0 | J38: ='SEPTIEMBRE 2025'!CD38 -> 0 | K38: ='SEPTIEMBRE 2025'!CF38 -> 0 | L38: ='SEPTIEMBRE 2025'!CG38 -> 0 | M38: ='SEPTIEMBRE 2025'!CH38 -> 0
B39: ='SEPTIEMBRE 2025'!D39 -> 0 | C39: ='SEPTIEMBRE 2025'!E39 -> 0 | D39: ='SEPTIEMBRE 2025'!H39 -> 0 | E39: ='SEPTIEMBRE 2025'!I39 -> 0 | F39: ='SEPTIEMBRE 2025'!J39 -> 0 | G39: ='SEPTIEMBRE 2025'!U39 -> 0 | H39: ='SEPTIEMBRE 2025'!AY41 -> 0 | I39: ='SEPTIEMBRE 2025'!CC39 -> 0 | J39: ='SEPTIEMBRE 2025'!CD39 -> 0 | K39: ='SEPTIEMBRE 2025'!CF39 -> 0 | L39: ='SEPTIEMBRE 2025'!CG39 -> 0 | M39: ='SEPTIEMBRE 2025'!CH39 -> 0
B40: ='SEPTIEMBRE 2025'!D40 -> 0 | C40: ='SEPTIEMBRE 2025'!E40 -> 0 | D40: ='SEPTIEMBRE 2025'!H40 -> 0 | E40: ='SEPTIEMBRE 2025'!I40 -> 0 | F40: ='SEPTIEMBRE 2025'!J40 -> 0 | G40: ='SEPTIEMBRE 2025'!U40 -> 0 | H40: ='SEPTIEMBRE 2025'!AY40 -> 0 | I40: ='SEPTIEMBRE 2025'!CC40 -> 0 | J40: ='SEPTIEMBRE 2025'!CD40 -> 0 | K40: ='SEPTIEMBRE 2025'!CF40 -> 0 | L40: ='SEPTIEMBRE 2025'!CG40 -> 0 | M40: ='SEPTIEMBRE 2025'!CH40 -> 0
B41: ='SEPTIEMBRE 2025'!D41 -> 0 | C41: ='SEPTIEMBRE 2025'!E41 -> 0 | D41: ='SEPTIEMBRE 2025'!H41 -> 0 | E41: ='SEPTIEMBRE 2025'!I41 -> 0 | F41: ='SEPTIEMBRE 2025'!J41 -> 0 | G41: ='SEPTIEMBRE 2025'!U41 -> 0 | H41: ='SEPTIEMBRE 2025'!#REF! -> #REF! | I41: ='SEPTIEMBRE 2025'!CC41 -> 0 | J41: ='SEPTIEMBRE 2025'!CD41 -> 0 | K41: ='SEPTIEMBRE 2025'!CF41 -> 0 | L41: ='SEPTIEMBRE 2025'!CG41 -> 0 | M41: ='SEPTIEMBRE 2025'!CH41 -> 0
B42: ='SEPTIEMBRE 2025'!D42 -> 0 | C42: ='SEPTIEMBRE 2025'!E42 -> 0 | D42: ='SEPTIEMBRE 2025'!H42 -> 0 | E42: ='SEPTIEMBRE 2025'!I42 -> 0 | F42: ='SEPTIEMBRE 2025'!J42 -> 0 | G42: ='SEPTIEMBRE 2025'!U42 -> 0 | H42: ='SEPTIEMBRE 2025'!AY42 -> 0 | I42: ='SEPTIEMBRE 2025'!CC42 -> 0 | J42: ='SEPTIEMBRE 2025'!CD42 -> 0 | K42: ='SEPTIEMBRE 2025'!CF42 -> 0 | L42: ='SEPTIEMBRE 2025'!CG42 -> 0 | M42: ='SEPTIEMBRE 2025'!CH42 -> 0
B43: ='SEPTIEMBRE 2025'!D43 -> 0 | C43: ='SEPTIEMBRE 2025'!E43 -> 0 | D43: ='SEPTIEMBRE 2025'!H43 -> 0 | E43: ='SEPTIEMBRE 2025'!I43 -> 0 | F43: ='SEPTIEMBRE 2025'!J43 -> 0 | G43: ='SEPTIEMBRE 2025'!U43 -> 0 | H43: ='SEPTIEMBRE 2025'!AY43 -> 0 | I43: ='SEPTIEMBRE 2025'!CC43 -> 0 | J43: ='SEPTIEMBRE 2025'!CD43 -> 0 | K43: ='SEPTIEMBRE 2025'!CF43 -> 0 | L43: ='SEPTIEMBRE 2025'!CG43 -> 0 | M43: ='SEPTIEMBRE 2025'!CH43 -> 0
B44: ='SEPTIEMBRE 2025'!D44 -> 0 | C44: ='SEPTIEMBRE 2025'!E44 -> 0 | D44: ='SEPTIEMBRE 2025'!H44 -> 0 | E44: ='SEPTIEMBRE 2025'!I44 -> 0 | F44: ='SEPTIEMBRE 2025'!J44 -> 0 | G44: ='SEPTIEMBRE 2025'!U44 -> 0 | H44: ='SEPTIEMBRE 2025'!AY44 -> 0 | I44: ='SEPTIEMBRE 2025'!CC44 -> 0 | J44: ='SEPTIEMBRE 2025'!CD44 -> 0 | K44: ='SEPTIEMBRE 2025'!CF44 -> 0 | L44: ='SEPTIEMBRE 2025'!CG44 -> 0 | M44: ='SEPTIEMBRE 2025'!CH44 -> 0
B45: ='SEPTIEMBRE 2025'!D45 -> 0 | C45: ='SEPTIEMBRE 2025'!E45 -> 0 | D45: ='SEPTIEMBRE 2025'!H45 -> 0 | E45: ='SEPTIEMBRE 2025'!I45 -> 0 | F45: ='SEPTIEMBRE 2025'!J45 -> 0 | G45: ='SEPTIEMBRE 2025'!U45 -> 0 | H45: ='SEPTIEMBRE 2025'!AY45 -> 0 | I45: ='SEPTIEMBRE 2025'!CC45 -> 0 | J45: ='SEPTIEMBRE 2025'!CD45 -> 0 | K45: ='SEPTIEMBRE 2025'!CF45 -> 0 | L45: ='SEPTIEMBRE 2025'!CG45 -> 0 | M45: ='SEPTIEMBRE 2025'!CH45 -> 0
B46: ='SEPTIEMBRE 2025'!D46 -> 0 | C46: ='SEPTIEMBRE 2025'!E46 -> 0 | D46: ='SEPTIEMBRE 2025'!H46 -> 0 | E46: ='SEPTIEMBRE 2025'!I46 -> 0 | F46: ='SEPTIEMBRE 2025'!J46 -> 0 | G46: ='SEPTIEMBRE 2025'!U46 -> 0 | H46: ='SEPTIEMBRE 2025'!AY46 -> 0 | I46: ='SEPTIEMBRE 2025'!CC46 -> 0 | J46: ='SEPTIEMBRE 2025'!CD46 -> 0 | K46: ='SEPTIEMBRE 2025'!CF46 -> 0 | L46: ='SEPTIEMBRE 2025'!CG46 -> 0 | M46: ='SEPTIEMBRE 2025'!CH46 -> 0
B47: ='SEPTIEMBRE 2025'!D47 -> 0 | C47: ='SEPTIEMBRE 2025'!E47 -> 0 | D47: ='SEPTIEMBRE 2025'!H47 -> 0 | E47: ='SEPTIEMBRE 2025'!I47 -> 0 | F47: ='SEPTIEMBRE 2025'!J47 -> 0 | G47: ='SEPTIEMBRE 2025'!U47 -> 0 | H47: ='SEPTIEMBRE 2025'!AY47 -> 0 | I47: ='SEPTIEMBRE 2025'!CC47 -> 0 | J47: ='SEPTIEMBRE 2025'!CD47 -> 0 | K47: ='SEPTIEMBRE 2025'!CF47 -> 0 | L47: ='SEPTIEMBRE 2025'!CG47 -> 0 | M47: ='SEPTIEMBRE 2025'!CH47 -> 0
B48: ='SEPTIEMBRE 2025'!D48 -> 0 | C48: ='SEPTIEMBRE 2025'!E48 -> 0 | D48: ='SEPTIEMBRE 2025'!H48 -> 0 | E48: ='SEPTIEMBRE 2025'!I48 -> 0 | F48: ='SEPTIEMBRE 2025'!J48 -> 0 | G48: ='SEPTIEMBRE 2025'!U48 -> 0 | H48: ='SEPTIEMBRE 2025'!AY48 -> 0 | I48: ='SEPTIEMBRE 2025'!CC48 -> 0 | J48: ='SEPTIEMBRE 2025'!CD48 -> 0 | K48: ='SEPTIEMBRE 2025'!CF48 -> 0 | L48: ='SEPTIEMBRE 2025'!CG48 -> 0 | M48: ='SEPTIEMBRE 2025'!CH48 -> 0
B49: ='SEPTIEMBRE 2025'!D49 -> 0 | C49: ='SEPTIEMBRE 2025'!E49 -> 0 | D49: ='SEPTIEMBRE 2025'!H49 -> 0 | E49: ='SEPTIEMBRE 2025'!I49 -> 0 | F49: ='SEPTIEMBRE 2025'!J49 -> 0 | G49: ='SEPTIEMBRE 2025'!U49 -> 0 | H49: ='SEPTIEMBRE 2025'!AY49 -> 0 | I49: ='SEPTIEMBRE 2025'!CC49 -> 0 | J49: ='SEPTIEMBRE 2025'!CD49 -> 0 | K49: ='SEPTIEMBRE 2025'!CF49 -> 0 | L49: ='SEPTIEMBRE 2025'!CG49 -> 0 | M49: ='SEPTIEMBRE 2025'!CH49 -> 0
B50: ='SEPTIEMBRE 2025'!D50 -> 0 | C50: ='SEPTIEMBRE 2025'!E50 -> 0 | D50: ='SEPTIEMBRE 2025'!H50 -> 0 | E50: ='SEPTIEMBRE 2025'!I50 -> 0 | F50: ='SEPTIEMBRE 2025'!J50 -> 0 | G50: ='SEPTIEMBRE 2025'!U50 -> 0 | H50: ='SEPTIEMBRE 2025'!AY50 -> 0 | I50: ='SEPTIEMBRE 2025'!CC50 -> 0 | J50: ='SEPTIEMBRE 2025'!CD50 -> 0 | K50: ='SEPTIEMBRE 2025'!CF50 -> 0 | L50: ='SEPTIEMBRE 2025'!CG50 -> 0 | M50: ='SEPTIEMBRE 2025'!CH50 -> 0
B51: ='SEPTIEMBRE 2025'!D51 -> 0 | C51: ='SEPTIEMBRE 2025'!E51 -> 0 | D51: ='SEPTIEMBRE 2025'!H51 -> 0 | E51: ='SEPTIEMBRE 2025'!I51 -> 0 | F51: ='SEPTIEMBRE 2025'!J51 -> 0 | G51: ='SEPTIEMBRE 2025'!U51 -> 0 | H51: ='SEPTIEMBRE 2025'!AY51 -> 0 | I51: ='SEPTIEMBRE 2025'!CC51 -> 0 | J51: ='SEPTIEMBRE 2025'!CD51 -> 0 | K51: ='SEPTIEMBRE 2025'!CF51 -> 0 | L51: ='SEPTIEMBRE 2025'!CG51 -> 0 | M51: ='SEPTIEMBRE 2025'!CH51 -> 0
B52: ='SEPTIEMBRE 2025'!D52 -> 0 | C52: ='SEPTIEMBRE 2025'!E52 -> 0 | D52: ='SEPTIEMBRE 2025'!H52 -> 0 | E52: ='SEPTIEMBRE 2025'!I52 -> 0 | F52: ='SEPTIEMBRE 2025'!J52 -> 0 | G52: ='SEPTIEMBRE 2025'!U52 -> 0 | H52: ='SEPTIEMBRE 2025'!AY52 -> 0 | I52: ='SEPTIEMBRE 2025'!CC52 -> 0 | J52: ='SEPTIEMBRE 2025'!CD52 -> 0 | K52: ='SEPTIEMBRE 2025'!CF52 -> 0 | L52: ='SEPTIEMBRE 2025'!CG52 -> 0 | M52: ='SEPTIEMBRE 2025'!CH52 -> 0
B53: ='SEPTIEMBRE 2025'!D53 -> 0 | C53: ='SEPTIEMBRE 2025'!E53 -> 0 | D53: ='SEPTIEMBRE 2025'!H53 -> 0 | E53: ='SEPTIEMBRE 2025'!I53 -> 0 | F53: ='SEPTIEMBRE 2025'!J53 -> 0 | G53: ='SEPTIEMBRE 2025'!U53 -> 0 | H53: ='SEPTIEMBRE 2025'!AY53 -> 0 | I53: ='SEPTIEMBRE 2025'!CC53 -> 0 | J53: ='SEPTIEMBRE 2025'!CD53 -> 0 | K53: ='SEPTIEMBRE 2025'!CF53 -> 0 | L53: ='SEPTIEMBRE 2025'!CG53 -> 0 | M53: ='SEPTIEMBRE 2025'!CH53 -> 0
B54: ='SEPTIEMBRE 2025'!D54 -> 0 | C54: ='SEPTIEMBRE 2025'!E54 -> 0 | D54: ='SEPTIEMBRE 2025'!H54 -> 0 | E54: ='SEPTIEMBRE 2025'!I54 -> 0 | F54: ='SEPTIEMBRE 2025'!J54 -> 0 | G54: ='SEPTIEMBRE 2025'!U54 -> 0 | H54: ='SEPTIEMBRE 2025'!AY54 -> 0 | I54: ='SEPTIEMBRE 2025'!CC54 -> 0 | J54: ='SEPTIEMBRE 2025'!CD54 -> 0 | K54: ='SEPTIEMBRE 2025'!CF54 -> 0 | L54: ='SEPTIEMBRE 2025'!CG54 -> 0 | M54: ='SEPTIEMBRE 2025'!CH54 -> 0
B55: ='SEPTIEMBRE 2025'!I56 -> 0 | C55: ='SEPTIEMBRE 2025'!J56 -> 0 | D55: ='SEPTIEMBRE 2025'!M56 -> 0 | E55: ='SEPTIEMBRE 2025'!N56 -> 0 | F55: ='SEPTIEMBRE 2025'!O56 -> 0 | G55: ='SEPTIEMBRE 2025'!Z56 -> 0 | H55: ='SEPTIEMBRE 2025'!BD56 -> 0 | I55: ='SEPTIEMBRE 2025'!CH56 -> 0 | J55: ='SEPTIEMBRE 2025'!CI56 -> 0 | K55: ='SEPTIEMBRE 2025'!CK56 -> 0 | L55: ='SEPTIEMBRE 2025'!CL56 -> 0 | M55: ='SEPTIEMBRE 2025'!CM56 -> 0
B56: ='SEPTIEMBRE 2025'!I57 -> 0 | C56: ='SEPTIEMBRE 2025'!J57 -> 0 | D56: ='SEPTIEMBRE 2025'!M57 -> 0 | E56: ='SEPTIEMBRE 2025'!N57 -> 0 | F56: ='SEPTIEMBRE 2025'!O57 -> 0 | G56: ='SEPTIEMBRE 2025'!Z57 -> 0 | H56: ='SEPTIEMBRE 2025'!BD57 -> 0 | I56: ='SEPTIEMBRE 2025'!CH57 -> 0 | J56: ='SEPTIEMBRE 2025'!CI57 -> 0 | K56: ='SEPTIEMBRE 2025'!CK57 -> 0 | L56: ='SEPTIEMBRE 2025'!CL57 -> 0 | M56: ='SEPTIEMBRE 2025'!CM57 -> 0
B57: ='SEPTIEMBRE 2025'!#REF! -> #REF! | C57: ='SEPTIEMBRE 2025'!#REF! -> #REF! | D57: ='SEPTIEMBRE 2025'!#REF! -> #REF! | E57: ='SEPTIEMBRE 2025'!#REF! -> #REF! | F57: ='SEPTIEMBRE 2025'!#REF! -> #REF! | G57: ='SEPTIEMBRE 2025'!#REF! -> #REF! | H57: ='SEPTIEMBRE 2025'!#REF! -> #REF! | I57: ='SEPTIEMBRE 2025'!#REF! -> #REF! | ... M57: ='SEPTIEMBRE 2025'!#REF! -> #REF!
B58: ='SEPTIEMBRE 2025'!D58 -> 0 | C58: ='SEPTIEMBRE 2025'!E58 -> 0 | D58: ='SEPTIEMBRE 2025'!H58 -> 0 | E58: ='SEPTIEMBRE 2025'!I58 -> 0 | F58: ='SEPTIEMBRE 2025'!J58 -> 0 | G58: ='SEPTIEMBRE 2025'!U58 -> 0 | H58: ='SEPTIEMBRE 2025'!AY58 -> 0 | I58: ='SEPTIEMBRE 2025'!CC58 -> 0 | J58: ='SEPTIEMBRE 2025'!CD58 -> 0 | K58: ='SEPTIEMBRE 2025'!CF58 -> 0 | L58: ='SEPTIEMBRE 2025'!CG58 -> 0 | M58: ='SEPTIEMBRE 2025'!CH58 -> 0
B59: ='SEPTIEMBRE 2025'!D59 -> 0 | C59: ='SEPTIEMBRE 2025'!E59 -> 0 | D59: ='SEPTIEMBRE 2025'!H59 -> 0 | E59: ='SEPTIEMBRE 2025'!I59 -> 0 | F59: ='SEPTIEMBRE 2025'!J59 -> 0 | G59: ='SEPTIEMBRE 2025'!U59 -> 0 | H59: ='SEPTIEMBRE 2025'!AY59 -> 0 | I59: ='SEPTIEMBRE 2025'!CC59 -> 0 | J59: ='SEPTIEMBRE 2025'!CD59 -> 0 | K59: ='SEPTIEMBRE 2025'!CF59 -> 0 | L59: ='SEPTIEMBRE 2025'!CG59 -> 0 | M59: ='SEPTIEMBRE 2025'!CH59 -> 0
B60: ='SEPTIEMBRE 2025'!D60 -> 0 | C60: ='SEPTIEMBRE 2025'!E60 -> 0 | D60: ='SEPTIEMBRE 2025'!H60 -> 0 | E60: ='SEPTIEMBRE 2025'!I60 -> 0 | F60: ='SEPTIEMBRE 2025'!J60 -> 0 | G60: ='SEPTIEMBRE 2025'!U60 -> 0 | H60: ='SEPTIEMBRE 2025'!AY60 -> 0 | I60: ='SEPTIEMBRE 2025'!CC60 -> 0 | J60: ='SEPTIEMBRE 2025'!CD60 -> 0 | K60: ='SEPTIEMBRE 2025'!CF60 -> 0 | L60: ='SEPTIEMBRE 2025'!CG60 -> 0 | M60: ='SEPTIEMBRE 2025'!CH60 -> 0
B61: ='SEPTIEMBRE 2025'!D61 -> 0 | C61: ='SEPTIEMBRE 2025'!E61 -> 0 | D61: ='SEPTIEMBRE 2025'!H61 -> 0 | E61: ='SEPTIEMBRE 2025'!I61 -> 0 | F61: ='SEPTIEMBRE 2025'!J61 -> 0 | G61: ='SEPTIEMBRE 2025'!U61 -> 0 | H61: ='SEPTIEMBRE 2025'!AY61 -> 0 | I61: ='SEPTIEMBRE 2025'!CC61 -> 0 | J61: ='SEPTIEMBRE 2025'!CD61 -> 0 | K61: ='SEPTIEMBRE 2025'!CF61 -> 0 | L61: ='SEPTIEMBRE 2025'!CG61 -> 0 | M61: ='SEPTIEMBRE 2025'!CH61 -> 0
B62: ='SEPTIEMBRE 2025'!D62 -> 0 | C62: ='SEPTIEMBRE 2025'!E62 -> 0 | D62: ='SEPTIEMBRE 2025'!H62 -> 0 | E62: ='SEPTIEMBRE 2025'!I62 -> 0 | F62: ='SEPTIEMBRE 2025'!J62 -> 0 | G62: ='SEPTIEMBRE 2025'!U62 -> 0 | H62: ='SEPTIEMBRE 2025'!AY62 -> 0 | I62: ='SEPTIEMBRE 2025'!CC62 -> 0 | J62: ='SEPTIEMBRE 2025'!CD62 -> 0 | K62: ='SEPTIEMBRE 2025'!CF62 -> 0 | L62: ='SEPTIEMBRE 2025'!CG62 -> 0 | M62: ='SEPTIEMBRE 2025'!CH62 -> 0
B63: ='SEPTIEMBRE 2025'!D63 -> 0 | C63: ='SEPTIEMBRE 2025'!E63 -> 0 | D63: ='SEPTIEMBRE 2025'!H63 -> 0 | E63: ='SEPTIEMBRE 2025'!I63 -> 0 | F63: ='SEPTIEMBRE 2025'!J63 -> 0 | G63: ='SEPTIEMBRE 2025'!U63 -> 0 | H63: ='SEPTIEMBRE 2025'!AY63 -> 0 | I63: ='SEPTIEMBRE 2025'!CC63 -> 0 | J63: ='SEPTIEMBRE 2025'!CD63 -> 0 | K63: ='SEPTIEMBRE 2025'!CF63 -> 0 | L63: ='SEPTIEMBRE 2025'!CG63 -> 0 | M63: ='SEPTIEMBRE 2025'!CH63 -> 0
B64: ='SEPTIEMBRE 2025'!D64 -> 0 | C64: ='SEPTIEMBRE 2025'!E64 -> 0 | D64: ='SEPTIEMBRE 2025'!H64 -> 0 | E64: ='SEPTIEMBRE 2025'!I64 -> 0 | F64: ='SEPTIEMBRE 2025'!J64 -> 0 | G64: ='SEPTIEMBRE 2025'!U64 -> 0 | H64: ='SEPTIEMBRE 2025'!AY64 -> 0 | I64: ='SEPTIEMBRE 2025'!CC64 -> 0 | J64: ='SEPTIEMBRE 2025'!CD64 -> 0 | K64: ='SEPTIEMBRE 2025'!CF64 -> 0 | L64: ='SEPTIEMBRE 2025'!CG64 -> 0 | M64: ='SEPTIEMBRE 2025'!CH64 -> 0
B65: ='SEPTIEMBRE 2025'!D65 -> 0 | C65: ='SEPTIEMBRE 2025'!E65 -> 0 | D65: ='SEPTIEMBRE 2025'!H65 -> 0 | E65: ='SEPTIEMBRE 2025'!I65 -> 0 | F65: ='SEPTIEMBRE 2025'!J65 -> 0 | G65: ='SEPTIEMBRE 2025'!U65 -> 0 | H65: ='SEPTIEMBRE 2025'!AY65 -> 0 | I65: ='SEPTIEMBRE 2025'!CC65 -> 0 | J65: ='SEPTIEMBRE 2025'!CD65 -> 0 | K65: ='SEPTIEMBRE 2025'!CF65 -> 0 | L65: ='SEPTIEMBRE 2025'!CG65 -> 0 | M65: ='SEPTIEMBRE 2025'!CH65 -> 0
B66: ='SEPTIEMBRE 2025'!D66 -> 0 | C66: ='SEPTIEMBRE 2025'!E66 -> 0 | D66: ='SEPTIEMBRE 2025'!H66 -> 0 | E66: ='SEPTIEMBRE 2025'!I66 -> 0 | F66: ='SEPTIEMBRE 2025'!J66 -> 0 | G66: ='SEPTIEMBRE 2025'!U66 -> 0 | H66: ='SEPTIEMBRE 2025'!AY66 -> 0 | I66: ='SEPTIEMBRE 2025'!CC66 -> 0 | J66: ='SEPTIEMBRE 2025'!CD66 -> 0 | K66: ='SEPTIEMBRE 2025'!CF66 -> 0 | L66: ='SEPTIEMBRE 2025'!CG66 -> 0 | M66: ='SEPTIEMBRE 2025'!CH66 -> 0
B67: ='SEPTIEMBRE 2025'!D67 -> 0 | C67: ='SEPTIEMBRE 2025'!E67 -> 0 | D67: ='SEPTIEMBRE 2025'!H67 -> 0 | E67: ='SEPTIEMBRE 2025'!I67 -> 0 | F67: ='SEPTIEMBRE 2025'!J67 -> 0 | G67: ='SEPTIEMBRE 2025'!U67 -> 0 | H67: ='SEPTIEMBRE 2025'!AY67 -> 0 | I67: ='SEPTIEMBRE 2025'!CC67 -> 0 | J67: ='SEPTIEMBRE 2025'!CD67 -> 0 | K67: ='SEPTIEMBRE 2025'!CF67 -> 0 | L67: ='SEPTIEMBRE 2025'!CG67 -> 0 | M67: ='SEPTIEMBRE 2025'!CH67 -> 0
B68: ='SEPTIEMBRE 2025'!D68 -> 0 | C68: ='SEPTIEMBRE 2025'!E68 -> 0 | D68: ='SEPTIEMBRE 2025'!H68 -> 0 | E68: ='SEPTIEMBRE 2025'!I68 -> 0 | F68: ='SEPTIEMBRE 2025'!J68 -> 0 | G68: ='SEPTIEMBRE 2025'!U68 -> 0 | H68: ='SEPTIEMBRE 2025'!AY68 -> 0 | I68: ='SEPTIEMBRE 2025'!CC68 -> 0 | J68: ='SEPTIEMBRE 2025'!CD68 -> 0 | K68: ='SEPTIEMBRE 2025'!CF68 -> 0 | L68: ='SEPTIEMBRE 2025'!CG68 -> 0 | M68: ='SEPTIEMBRE 2025'!CH68 -> 0
B69: ='SEPTIEMBRE 2025'!D69 -> 0 | C69: ='SEPTIEMBRE 2025'!E69 -> 0 | D69: ='SEPTIEMBRE 2025'!H69 -> 0 | E69: ='SEPTIEMBRE 2025'!I69 -> 0 | F69: ='SEPTIEMBRE 2025'!J69 -> 0 | G69: ='SEPTIEMBRE 2025'!U69 -> 0 | H69: ='SEPTIEMBRE 2025'!AY69 -> 0 | I69: ='SEPTIEMBRE 2025'!CC69 -> 0 | J69: ='SEPTIEMBRE 2025'!CD69 -> 0 | K69: ='SEPTIEMBRE 2025'!CF69 -> 0 | L69: ='SEPTIEMBRE 2025'!CG69 -> 0 | M69: ='SEPTIEMBRE 2025'!CH69 -> 0
... B90: ='SEPTIEMBRE 2025'!D90 -> 0 | C90: ='SEPTIEMBRE 2025'!E90 -> 0 | D90: ='SEPTIEMBRE 2025'!H90 -> 0 | E90: ='SEPTIEMBRE 2025'!I90 -> 0 | F90: ='SEPTIEMBRE 2025'!J90 -> 0 | G90: ='SEPTIEMBRE 2025'!U90 -> 0 | H90: ='SEPTIEMBRE 2025'!AY90 -> 0 | I90: ='SEPTIEMBRE 2025'!CC90 -> 0 | J90: ='SEPTIEMBRE 2025'!CD90 -> 0 | K90: ='SEPTIEMBRE 2025'!CF90 -> 0 | L90: ='SEPTIEMBRE 2025'!CG90 -> 0 | M90: ='SEPTIEMBRE 2025'!CH90 -> 0
B91: ='SEPTIEMBRE 2025'!D91 -> 0 | C91: ='SEPTIEMBRE 2025'!E91 -> 0 | D91: ='SEPTIEMBRE 2025'!#REF! -> #REF! | E91: ='SEPTIEMBRE 2025'!I91 -> 0 | F91: ='SEPTIEMBRE 2025'!J91 -> 0 | G91: ='SEPTIEMBRE 2025'!U91 -> 0 | H91: ='SEPTIEMBRE 2025'!AY91 -> 0 | I91: ='SEPTIEMBRE 2025'!CC91 -> 0 | J91: ='SEPTIEMBRE 2025'!CD91 -> 0 | K91: ='SEPTIEMBRE 2025'!CF91 -> 0 | L91: ='SEPTIEMBRE 2025'!CG91 -> 0 | M91: ='SEPTIEMBRE 2025'!CH91 -> 0
B92: ='SEPTIEMBRE 2025'!D92 -> 0 | C92: ='SEPTIEMBRE 2025'!E92 -> 0 | D92: ='SEPTIEMBRE 2025'!H91 -> 0 | E92: ='SEPTIEMBRE 2025'!I92 -> 0 | F92: ='SEPTIEMBRE 2025'!J92 -> 0 | G92: ='SEPTIEMBRE 2025'!U92 -> 0 | H92: ='SEPTIEMBRE 2025'!AY92 -> 0 | I92: ='SEPTIEMBRE 2025'!CC92 -> 0 | J92: ='SEPTIEMBRE 2025'!CD92 -> 0 | K92: ='SEPTIEMBRE 2025'!CF92 -> 0 | L92: ='SEPTIEMBRE 2025'!CG92 -> 0 | M92: ='SEPTIEMBRE 2025'!CH92 -> 0
B93: ='SEPTIEMBRE 2025'!D93 -> 0 | C93: ='SEPTIEMBRE 2025'!E93 -> 0 | D93: ='SEPTIEMBRE 2025'!H93 -> 0 | E93: ='SEPTIEMBRE 2025'!I93 -> 0 | F93: ='SEPTIEMBRE 2025'!J93 -> 0 | G93: ='SEPTIEMBRE 2025'!U93 -> 0 | H93: ='SEPTIEMBRE 2025'!AY93 -> 0 | I93: ='SEPTIEMBRE 2025'!CC93 -> 0 | J93: ='SEPTIEMBRE 2025'!CD93 -> 0 | K93: ='SEPTIEMBRE 2025'!CF93 -> 0 | L93: ='SEPTIEMBRE 2025'!CG93 -> 0 | M93: ='SEPTIEMBRE 2025'!CH93 -> 0
B94: ='SEPTIEMBRE 2025'!D94 -> 0 | C94: ='SEPTIEMBRE 2025'!E94 -> 0 | D94: ='SEPTIEMBRE 2025'!H94 -> 0 | E94: ='SEPTIEMBRE 2025'!I94 -> 0 | F94: ='SEPTIEMBRE 2025'!J94 -> 0 | G94: ='SEPTIEMBRE 2025'!U94 -> 0 | H94: ='SEPTIEMBRE 2025'!AY94 -> 0 | I94: ='SEPTIEMBRE 2025'!CC94 -> 0 | J94: ='SEPTIEMBRE 2025'!CD94 -> 0 | K94: ='SEPTIEMBRE 2025'!CF94 -> 0 | L94: ='SEPTIEMBRE 2025'!CG94 -> 0 | M94: ='SEPTIEMBRE 2025'!CH94 -> 0
B95: ='SEPTIEMBRE 2025'!D95 -> 0 | C95: ='SEPTIEMBRE 2025'!E95 -> 0 | D95: ='SEPTIEMBRE 2025'!H95 -> 0 | E95: ='SEPTIEMBRE 2025'!I95 -> 0 | F95: ='SEPTIEMBRE 2025'!J95 -> 0 | G95: ='SEPTIEMBRE 2025'!U95 -> 0 | H95: ='SEPTIEMBRE 2025'!AY95 -> 0 | I95: ='SEPTIEMBRE 2025'!CC95 -> 0 | J95: ='SEPTIEMBRE 2025'!CD95 -> 0 | K95: ='SEPTIEMBRE 2025'!CF95 -> 0 | L95: ='SEPTIEMBRE 2025'!CG95 -> 0 | M95: ='SEPTIEMBRE 2025'!CH95 -> 0
B96: ='SEPTIEMBRE 2025'!D96 -> 0 | C96: ='SEPTIEMBRE 2025'!E96 -> 0 | D96: ='SEPTIEMBRE 2025'!H96 -> 0 | E96: ='SEPTIEMBRE 2025'!I96 -> 0 | F96: ='SEPTIEMBRE 2025'!J96 -> 0 | G96: ='SEPTIEMBRE 2025'!U96 -> 0 | H96: ='SEPTIEMBRE 2025'!AY96 -> 0 | I96: ='SEPTIEMBRE 2025'!CC96 -> 0 | J96: ='SEPTIEMBRE 2025'!CD96 -> 0 | K96: ='SEPTIEMBRE 2025'!CF96 -> 0 | L96: ='SEPTIEMBRE 2025'!CG96 -> 0 | M96: ='SEPTIEMBRE 2025'!CH96 -> 0
B97: ='SEPTIEMBRE 2025'!D97 -> 0 | C97: ='SEPTIEMBRE 2025'!E97 -> 0 | D97: ='SEPTIEMBRE 2025'!H97 -> 0 | E97: ='SEPTIEMBRE 2025'!I97 -> 0 | F97: ='SEPTIEMBRE 2025'!J97 -> 0 | G97: ='SEPTIEMBRE 2025'!U97 -> 0 | H97: ='SEPTIEMBRE 2025'!AY97 -> 0 | I97: ='SEPTIEMBRE 2025'!CC97 -> 0 | J97: ='SEPTIEMBRE 2025'!CD97 -> 0 | K97: ='SEPTIEMBRE 2025'!CF97 -> 0 | L97: ='SEPTIEMBRE 2025'!CG97 -> 0 | M97: ='SEPTIEMBRE 2025'!CH97 -> 0
B98: ='SEPTIEMBRE 2025'!D98 -> 0 | C98: ='SEPTIEMBRE 2025'!E98 -> 0 | D98: ='SEPTIEMBRE 2025'!H98 -> 0 | E98: ='SEPTIEMBRE 2025'!I98 -> 0 | F98: ='SEPTIEMBRE 2025'!J98 -> 0 | G98: ='SEPTIEMBRE 2025'!U98 -> 0 | H98: ='SEPTIEMBRE 2025'!AY98 -> 0 | I98: ='SEPTIEMBRE 2025'!CC98 -> 0 | J98: ='SEPTIEMBRE 2025'!CD98 -> 0 | K98: ='SEPTIEMBRE 2025'!CF98 -> 0 | L98: ='SEPTIEMBRE 2025'!CG98 -> 0 | M98: ='SEPTIEMBRE 2025'!CH98 -> 0
B99: ='SEPTIEMBRE 2025'!D99 -> 0 | C99: ='SEPTIEMBRE 2025'!E99 -> 0 | D99: ='SEPTIEMBRE 2025'!H99 -> 0 | E99: ='SEPTIEMBRE 2025'!I99 -> 0 | F99: ='SEPTIEMBRE 2025'!J99 -> 0 | G99: ='SEPTIEMBRE 2025'!U99 -> 0 | H99: ='SEPTIEMBRE 2025'!AY99 -> 0 | I99: ='SEPTIEMBRE 2025'!CC99 -> 0 | J99: ='SEPTIEMBRE 2025'!CD99 -> 0 | K99: ='SEPTIEMBRE 2025'!CF99 -> 0 | L99: ='SEPTIEMBRE 2025'!CG99 -> 0 | M99: ='SEPTIEMBRE 2025'!CH99 -> 0
B100: ='SEPTIEMBRE 2025'!D100 -> 0 | C100: ='SEPTIEMBRE 2025'!E100 -> 0 | D100: ='SEPTIEMBRE 2025'!H100 -> 0 | E100: ='SEPTIEMBRE 2025'!I100 -> 0 | F100: ='SEPTIEMBRE 2025'!J100 -> 0 | G100: ='SEPTIEMBRE 2025'!U100 -> 0 | H100: ='SEPTIEMBRE 2025'!AY100 -> 0 | I100: ='SEPTIEMBRE 2025'!CC100 -> 0 | J100: ='SEPTIEMBRE 2025'!CD100 -> 0 | K100: ='SEPTIEMBRE 2025'!CF100 -> 0 | L100: ='SEPTIEMBRE 2025'!CG100 -> 0 | M100: ='SEPTIEMBRE 2025'!CH100 -> 0
B101: ='SEPTIEMBRE 2025'!D101 -> 0 | C101: ='SEPTIEMBRE 2025'!E101 -> 0 | D101: ='SEPTIEMBRE 2025'!H101 -> 0 | E101: ='SEPTIEMBRE 2025'!I101 -> 0 | F101: ='SEPTIEMBRE 2025'!J101 -> 0 | G101: ='SEPTIEMBRE 2025'!U101 -> 0 | H101: ='SEPTIEMBRE 2025'!AY101 -> 0 | I101: ='SEPTIEMBRE 2025'!CC101 -> 0 | J101: ='SEPTIEMBRE 2025'!CD101 -> 0 | K101: ='SEPTIEMBRE 2025'!CF101 -> 0 | L101: ='SEPTIEMBRE 2025'!CG101 -> 0 | M101: ='SEPTIEMBRE 2025'!CH101 -> 0
B102: ='SEPTIEMBRE 2025'!D102 -> 0 | C102: ='SEPTIEMBRE 2025'!E102 -> 0 | D102: ='SEPTIEMBRE 2025'!H102 -> 0 | E102: ='SEPTIEMBRE 2025'!I102 -> 0 | F102: ='SEPTIEMBRE 2025'!J102 -> 0 | G102: ='SEPTIEMBRE 2025'!U102 -> 0 | H102: ='SEPTIEMBRE 2025'!AY102 -> 0 | I102: ='SEPTIEMBRE 2025'!CC102 -> 0 | J102: ='SEPTIEMBRE 2025'!CD102 -> 0 | K102: ='SEPTIEMBRE 2025'!CF102 -> 0 | L102: ='SEPTIEMBRE 2025'!CG102 -> 0 | M102: ='SEPTIEMBRE 2025'!CH102 -> 0
B103: ='SEPTIEMBRE 2025'!D103 -> 0 | C103: ='SEPTIEMBRE 2025'!E103 -> 0 | D103: ='SEPTIEMBRE 2025'!H103 -> 0 | E103: ='SEPTIEMBRE 2025'!I103 -> 0 | F103: ='SEPTIEMBRE 2025'!J103 -> 0 | G103: ='SEPTIEMBRE 2025'!U103 -> 0 | H103: ='SEPTIEMBRE 2025'!AY103 -> 0 | I103: ='SEPTIEMBRE 2025'!CC103 -> 0 | J103: ='SEPTIEMBRE 2025'!CD103 -> 0 | K103: ='SEPTIEMBRE 2025'!CF103 -> 0 | L103: ='SEPTIEMBRE 2025'!CG103 -> 0 | M103: ='SEPTIEMBRE 2025'!CH103 -> 0
B104: ='SEPTIEMBRE 2025'!D104 -> 0 | C104: ='SEPTIEMBRE 2025'!E104 -> 0 | D104: ='SEPTIEMBRE 2025'!H104 -> 0 | E104: ='SEPTIEMBRE 2025'!I104 -> 0 | F104: ='SEPTIEMBRE 2025'!J104 -> 0 | G104: ='SEPTIEMBRE 2025'!U104 -> 0 | H104: ='SEPTIEMBRE 2025'!AY104 -> 0 | I104: ='SEPTIEMBRE 2025'!CC104 -> 0 | J104: ='SEPTIEMBRE 2025'!CD104 -> 0 | K104: ='SEPTIEMBRE 2025'!CF104 -> 0 | L104: ='SEPTIEMBRE 2025'!CG104 -> 0 | M104: ='SEPTIEMBRE 2025'!CH104 -> 0
... B131: ='SEPTIEMBRE 2025'!D131 -> 0 | C131: ='SEPTIEMBRE 2025'!E131 -> 0 | D131: ='SEPTIEMBRE 2025'!H131 -> 0 | E131: ='SEPTIEMBRE 2025'!I131 -> 0 | F131: ='SEPTIEMBRE 2025'!J131 -> 0 | G131: ='SEPTIEMBRE 2025'!U131 -> 0 | H131: ='SEPTIEMBRE 2025'!AY131 -> 0 | I131: ='SEPTIEMBRE 2025'!CC131 -> 0 | J131: ='SEPTIEMBRE 2025'!CD131 -> 0 | K131: ='SEPTIEMBRE 2025'!CF131 -> 0 | L131: ='SEPTIEMBRE 2025'!CG131 -> 0 | M131: ='SEPTIEMBRE 2025'!CH131 -> 0
B132: ='SEPTIEMBRE 2025'!D133 -> 0 | C132: ='SEPTIEMBRE 2025'!E133 -> 0 | D132: ='SEPTIEMBRE 2025'!H133 -> 0 | E132: ='SEPTIEMBRE 2025'!I133 -> 0 | F132: ='SEPTIEMBRE 2025'!J133 -> 0 | G132: ='SEPTIEMBRE 2025'!U133 -> 0 | H132: ='SEPTIEMBRE 2025'!AY133 -> 0 | I132: ='SEPTIEMBRE 2025'!CC133 -> 0 | J132: ='SEPTIEMBRE 2025'!CD133 -> 0 | K132: ='SEPTIEMBRE 2025'!CF133 -> 0 | L132: ='SEPTIEMBRE 2025'!CG133 -> 0 | M132: ='SEPTIEMBRE 2025'!CH133 -> 0
B133: ='SEPTIEMBRE 2025'!#REF! -> #REF! | C133: ='SEPTIEMBRE 2025'!#REF! -> #REF! | D133: ='SEPTIEMBRE 2025'!#REF! -> #REF! | E133: ='SEPTIEMBRE 2025'!#REF! -> #REF! | F133: ='SEPTIEMBRE 2025'!#REF! -> #REF! | G133: ='SEPTIEMBRE 2025'!#REF! -> #REF! | H133: ='SEPTIEMBRE 2025'!#REF! -> #REF! | I133: ='SEPTIEMBRE 2025'!#REF! -> #REF! | ... M133: ='SEPTIEMBRE 2025'!#REF! -> #REF!
B134: ='SEPTIEMBRE 2025'!D134 -> 0 | C134: ='SEPTIEMBRE 2025'!E134 -> 0 | D134: ='SEPTIEMBRE 2025'!H134 -> 0 | E134: ='SEPTIEMBRE 2025'!I134 -> 0 | F134: ='SEPTIEMBRE 2025'!J134 -> 0 | G134: ='SEPTIEMBRE 2025'!U134 -> 0 | H134: ='SEPTIEMBRE 2025'!AY134 -> 0 | I134: ='SEPTIEMBRE 2025'!CC134 -> 0 | J134: ='SEPTIEMBRE 2025'!CD134 -> 0 | K134: ='SEPTIEMBRE 2025'!CF134 -> 0 | L134: ='SEPTIEMBRE 2025'!CG134 -> 0 | M134: ='SEPTIEMBRE 2025'!CH134 -> 0
B135: ='SEPTIEMBRE 2025'!D135 -> 0 | C135: ='SEPTIEMBRE 2025'!E135 -> 0 | D135: ='SEPTIEMBRE 2025'!H135 -> 0 | E135: ='SEPTIEMBRE 2025'!I135 -> 0 | F135: ='SEPTIEMBRE 2025'!J135 -> 0 | G135: ='SEPTIEMBRE 2025'!U135 -> 0 | H135: ='SEPTIEMBRE 2025'!AY135 -> 0 | I135: ='SEPTIEMBRE 2025'!CC135 -> 0 | J135: ='SEPTIEMBRE 2025'!CD135 -> 0 | K135: ='SEPTIEMBRE 2025'!CF135 -> 0 | L135: ='SEPTIEMBRE 2025'!CG135 -> 0 | M135: ='SEPTIEMBRE 2025'!CH135 -> 0
B136: ='SEPTIEMBRE 2025'!#REF! -> #REF! | C136: ='SEPTIEMBRE 2025'!#REF! -> #REF! | D136: ='SEPTIEMBRE 2025'!#REF! -> #REF! | E136: ='SEPTIEMBRE 2025'!#REF! -> #REF! | F136: ='SEPTIEMBRE 2025'!#REF! -> #REF! | G136: ='SEPTIEMBRE 2025'!#REF! -> #REF! | H136: ='SEPTIEMBRE 2025'!#REF! -> #REF! | I136: ='SEPTIEMBRE 2025'!#REF! -> #REF! | ... M136: ='SEPTIEMBRE 2025'!#REF! -> #REF!
B137: ='SEPTIEMBRE 2025'!D137 -> 0 | C137: ='SEPTIEMBRE 2025'!E137 -> 0 | D137: ='SEPTIEMBRE 2025'!H137 -> 0 | E137: ='SEPTIEMBRE 2025'!I137 -> 0 | F137: ='SEPTIEMBRE 2025'!J137 -> 0 | G137: ='SEPTIEMBRE 2025'!U137 -> 0 | H137: ='SEPTIEMBRE 2025'!AY137 -> 0 | I137: ='SEPTIEMBRE 2025'!CC137 -> 0 | J137: ='SEPTIEMBRE 2025'!CD137 -> 0 | K137: ='SEPTIEMBRE 2025'!CF137 -> 0 | L137: ='SEPTIEMBRE 2025'!CG137 -> 0 | M137: ='SEPTIEMBRE 2025'!CH137 -> 0
B138: ='SEPTIEMBRE 2025'!D138 -> 0 | C138: ='SEPTIEMBRE 2025'!E138 -> 0 | D138: ='SEPTIEMBRE 2025'!H138 -> 0 | E138: ='SEPTIEMBRE 2025'!I138 -> 0 | F138: ='SEPTIEMBRE 2025'!J138 -> 0 | G138: ='SEPTIEMBRE 2025'!U138 -> 0 | H138: ='SEPTIEMBRE 2025'!AY138 -> 0 | I138: ='SEPTIEMBRE 2025'!CC138 -> 0 | J138: ='SEPTIEMBRE 2025'!CD138 -> 0 | K138: ='SEPTIEMBRE 2025'!CF138 -> 0 | L138: ='SEPTIEMBRE 2025'!CG138 -> 0 | M138: ='SEPTIEMBRE 2025'!CH138 -> 0
B139: ='SEPTIEMBRE 2025'!D139 -> 0 | C139: ='SEPTIEMBRE 2025'!E139 -> 0 | D139: ='SEPTIEMBRE 2025'!H139 -> 0 | E139: ='SEPTIEMBRE 2025'!I139 -> 0 | F139: ='SEPTIEMBRE 2025'!J139 -> 0 | G139: ='SEPTIEMBRE 2025'!U139 -> 0 | H139: ='SEPTIEMBRE 2025'!AY139 -> 0 | I139: ='SEPTIEMBRE 2025'!CC139 -> 0 | J139: ='SEPTIEMBRE 2025'!CD139 -> 0 | K139: ='SEPTIEMBRE 2025'!CF139 -> 0 | L139: ='SEPTIEMBRE 2025'!CG139 -> 0 | M139: ='SEPTIEMBRE 2025'!CH139 -> 0
B140: ='SEPTIEMBRE 2025'!D140 -> 0 | C140: ='SEPTIEMBRE 2025'!E140 -> 0 | D140: ='SEPTIEMBRE 2025'!H140 -> 0 | E140: ='SEPTIEMBRE 2025'!I140 -> 0 | F140: ='SEPTIEMBRE 2025'!J140 -> 0 | G140: ='SEPTIEMBRE 2025'!U140 -> 0 | H140: ='SEPTIEMBRE 2025'!AY140 -> 0 | I140: ='SEPTIEMBRE 2025'!CC140 -> 0 | J140: ='SEPTIEMBRE 2025'!CD140 -> 0 | K140: ='SEPTIEMBRE 2025'!CF140 -> 0 | L140: ='SEPTIEMBRE 2025'!CG140 -> 0 | M140: ='SEPTIEMBRE 2025'!CH140 -> 0
B141: ='SEPTIEMBRE 2025'!D141 -> 0 | C141: ='SEPTIEMBRE 2025'!E141 -> 0 | D141: ='SEPTIEMBRE 2025'!H141 -> 0 | E141: ='SEPTIEMBRE 2025'!I141 -> 0 | F141: ='SEPTIEMBRE 2025'!J141 -> 0 | G141: ='SEPTIEMBRE 2025'!U141 -> 0 | H141: ='SEPTIEMBRE 2025'!AY141 -> 0 | I141: ='SEPTIEMBRE 2025'!CC141 -> 0 | J141: ='SEPTIEMBRE 2025'!CD141 -> 0 | K141: ='SEPTIEMBRE 2025'!CF141 -> 0 | L141: ='SEPTIEMBRE 2025'!CG141 -> 0 | M141: ='SEPTIEMBRE 2025'!CH141 -> 0
B142: ='SEPTIEMBRE 2025'!D142 -> 0 | C142: ='SEPTIEMBRE 2025'!E142 -> 0 | D142: ='SEPTIEMBRE 2025'!H142 -> 0 | E142: ='SEPTIEMBRE 2025'!I142 -> 0 | F142: ='SEPTIEMBRE 2025'!J142 -> 0 | G142: ='SEPTIEMBRE 2025'!U142 -> 0 | H142: ='SEPTIEMBRE 2025'!AY142 -> 0 | I142: ='SEPTIEMBRE 2025'!CC142 -> 0 | J142: ='SEPTIEMBRE 2025'!CD142 -> 0 | K142: ='SEPTIEMBRE 2025'!CF142 -> 0 | L142: ='SEPTIEMBRE 2025'!CG142 -> 0 | M142: ='SEPTIEMBRE 2025'!CH142 -> 0
B143: ='SEPTIEMBRE 2025'!D143 -> 0 | C143: ='SEPTIEMBRE 2025'!E143 -> 0 | D143: ='SEPTIEMBRE 2025'!H143 -> 0 | E143: ='SEPTIEMBRE 2025'!I143 -> 0 | F143: ='SEPTIEMBRE 2025'!J143 -> 0 | G143: ='SEPTIEMBRE 2025'!U143 -> 0 | H143: ='SEPTIEMBRE 2025'!AY144 -> 0 | I143: ='SEPTIEMBRE 2025'!CC143 -> 0 | J143: ='SEPTIEMBRE 2025'!CD143 -> 0 | K143: ='SEPTIEMBRE 2025'!CF143 -> 0 | L143: ='SEPTIEMBRE 2025'!CG143 -> 0 | M143: ='SEPTIEMBRE 2025'!CH143 -> 0
B144: ='SEPTIEMBRE 2025'!D145 -> 0 | C144: ='SEPTIEMBRE 2025'!E144 -> 0 | D144: ='SEPTIEMBRE 2025'!H144 -> 0 | E144: ='SEPTIEMBRE 2025'!I144 -> 0 | F144: ='SEPTIEMBRE 2025'!J144 -> 0 | G144: ='SEPTIEMBRE 2025'!U144 -> 0 | H144: ='SEPTIEMBRE 2025'!#REF! -> #REF! | I144: ='SEPTIEMBRE 2025'!CC144 -> 0 | J144: ='SEPTIEMBRE 2025'!CD144 -> 0 | K144: ='SEPTIEMBRE 2025'!CF144 -> 0 | L144: ='SEPTIEMBRE 2025'!CG144 -> 0 | M144: ='SEPTIEMBRE 2025'!CH144 -> 0
B145: ='SEPTIEMBRE 2025'!#REF! -> #REF! | C145: ='SEPTIEMBRE 2025'!E145 -> 0 | D145: ='SEPTIEMBRE 2025'!H145 -> 0 | E145: ='SEPTIEMBRE 2025'!I145 -> 0 | F145: ='SEPTIEMBRE 2025'!J145 -> 0 | G145: ='SEPTIEMBRE 2025'!U145 -> 0 | H145: ='SEPTIEMBRE 2025'!AY145 -> 0 | I145: ='SEPTIEMBRE 2025'!CC145 -> 0 | J145: ='SEPTIEMBRE 2025'!CD145 -> 0 | K145: ='SEPTIEMBRE 2025'!CF145 -> 0 | L145: ='SEPTIEMBRE 2025'!CG145 -> 0 | M145: ='SEPTIEMBRE 2025'!CH145 -> 0
B146: ='SEPTIEMBRE 2025'!D146 -> 0 | C146: ='SEPTIEMBRE 2025'!E146 -> 0 | D146: ='SEPTIEMBRE 2025'!H146 -> 0 | E146: ='SEPTIEMBRE 2025'!I146 -> 0 | F146: ='SEPTIEMBRE 2025'!J146 -> 0 | G146: ='SEPTIEMBRE 2025'!U146 -> 0 | H146: ='SEPTIEMBRE 2025'!AY146 -> 0 | I146: ='SEPTIEMBRE 2025'!CC146 -> 0 | J146: ='SEPTIEMBRE 2025'!CD146 -> 0 | K146: ='SEPTIEMBRE 2025'!CF146 -> 0 | L146: ='SEPTIEMBRE 2025'!CG146 -> 0 | M146: ='SEPTIEMBRE 2025'!CH146 -> 0
B147: ='SEPTIEMBRE 2025'!D147 -> 0 | C147: ='SEPTIEMBRE 2025'!E147 -> 0 | D147: ='SEPTIEMBRE 2025'!H147 -> 0 | E147: ='SEPTIEMBRE 2025'!I147 -> 0 | F147: ='SEPTIEMBRE 2025'!J147 -> 0 | G147: ='SEPTIEMBRE 2025'!U147 -> 0 | H147: ='SEPTIEMBRE 2025'!AY147 -> 0 | I147: ='SEPTIEMBRE 2025'!CC147 -> 0 | J147: ='SEPTIEMBRE 2025'!CD147 -> 0 | K147: ='SEPTIEMBRE 2025'!CF147 -> 0 | L147: ='SEPTIEMBRE 2025'!CG147 -> 0 | M147: ='SEPTIEMBRE 2025'!CH147 -> 0
B148: ='SEPTIEMBRE 2025'!D148 -> 0 | C148: ='SEPTIEMBRE 2025'!E148 -> 0 | D148: ='SEPTIEMBRE 2025'!H148 -> 0 | E148: ='SEPTIEMBRE 2025'!I148 -> 0 | F148: ='SEPTIEMBRE 2025'!J148 -> 0 | G148: ='SEPTIEMBRE 2025'!U148 -> 0 | H148: ='SEPTIEMBRE 2025'!AY148 -> 0 | I148: ='SEPTIEMBRE 2025'!CC148 -> 0 | J148: ='SEPTIEMBRE 2025'!CD148 -> 0 | K148: ='SEPTIEMBRE 2025'!CF148 -> 0 | L148: ='SEPTIEMBRE 2025'!CG148 -> 0 | M148: ='SEPTIEMBRE 2025'!CH148 -> 0
B149: ='SEPTIEMBRE 2025'!D149 -> 0 | C149: ='SEPTIEMBRE 2025'!E149 -> 0 | D149: ='SEPTIEMBRE 2025'!H149 -> 0 | E149: ='SEPTIEMBRE 2025'!I149 -> 0 | F149: ='SEPTIEMBRE 2025'!J149 -> 0 | G149: ='SEPTIEMBRE 2025'!U149 -> 0 | H149: ='SEPTIEMBRE 2025'!AY149 -> 0 | I149: ='SEPTIEMBRE 2025'!CC149 -> 0 | J149: ='SEPTIEMBRE 2025'!CD149 -> 0 | K149: ='SEPTIEMBRE 2025'!CF149 -> 0 | L149: ='SEPTIEMBRE 2025'!CG149 -> 0 | M149: ='SEPTIEMBRE 2025'!CH149 -> 0
B150: ='SEPTIEMBRE 2025'!D150 -> 0 | C150: ='SEPTIEMBRE 2025'!E150 -> 0 | D150: ='SEPTIEMBRE 2025'!H150 -> 0 | E150: ='SEPTIEMBRE 2025'!I150 -> 0 | F150: ='SEPTIEMBRE 2025'!J150 -> 0 | G150: ='SEPTIEMBRE 2025'!U150 -> 0 | H150: ='SEPTIEMBRE 2025'!AY150 -> 0 | I150: ='SEPTIEMBRE 2025'!CC150 -> 0 | J150: ='SEPTIEMBRE 2025'!CD150 -> 0 | K150: ='SEPTIEMBRE 2025'!CF150 -> 0 | L150: ='SEPTIEMBRE 2025'!CG150 -> 0 | M150: ='SEPTIEMBRE 2025'!CH150 -> 0
B151: ='SEPTIEMBRE 2025'!D151 -> 0 | C151: ='SEPTIEMBRE 2025'!E151 -> 0 | D151: ='SEPTIEMBRE 2025'!H151 -> 0 | E151: ='SEPTIEMBRE 2025'!I151 -> 0 | F151: ='SEPTIEMBRE 2025'!J151 -> 0 | G151: ='SEPTIEMBRE 2025'!U151 -> 0 | H151: ='SEPTIEMBRE 2025'!AY151 -> 0 | I151: ='SEPTIEMBRE 2025'!CC151 -> 0 | J151: ='SEPTIEMBRE 2025'!CD151 -> 0 | K151: ='SEPTIEMBRE 2025'!CF151 -> 0 | L151: ='SEPTIEMBRE 2025'!CG151 -> 0 | M151: ='SEPTIEMBRE 2025'!CH151 -> 0
B152: ='SEPTIEMBRE 2025'!D152 -> 0 | C152: ='SEPTIEMBRE 2025'!E152 -> 0 | D152: ='SEPTIEMBRE 2025'!H152 -> 0 | E152: ='SEPTIEMBRE 2025'!I152 -> 0 | F152: ='SEPTIEMBRE 2025'!J152 -> 0 | G152: ='SEPTIEMBRE 2025'!U152 -> 0 | H152: ='SEPTIEMBRE 2025'!AY152 -> 0 | I152: ='SEPTIEMBRE 2025'!CC152 -> 0 | J152: ='SEPTIEMBRE 2025'!CD152 -> 0 | K152: ='SEPTIEMBRE 2025'!CF152 -> 0 | L152: ='SEPTIEMBRE 2025'!CG152 -> 0 | M152: ='SEPTIEMBRE 2025'!CH152 -> 0
B153: ='SEPTIEMBRE 2025'!D153 -> 0 | C153: ='SEPTIEMBRE 2025'!E153 -> 0 | D153: ='SEPTIEMBRE 2025'!H153 -> 0 | E153: ='SEPTIEMBRE 2025'!I153 -> 0 | F153: ='SEPTIEMBRE 2025'!J153 -> 0 | G153: ='SEPTIEMBRE 2025'!U153 -> 0 | H153: ='SEPTIEMBRE 2025'!AY153 -> 0 | I153: ='SEPTIEMBRE 2025'!CC153 -> 0 | J153: ='SEPTIEMBRE 2025'!CD153 -> 0 | K153: ='SEPTIEMBRE 2025'!CF153 -> 0 | L153: ='SEPTIEMBRE 2025'!CG153 -> 0 | M153: ='SEPTIEMBRE 2025'!CH153 -> 0
B154: ='SEPTIEMBRE 2025'!D154 -> 0 | C154: ='SEPTIEMBRE 2025'!E154 -> 0 | D154: ='SEPTIEMBRE 2025'!H154 -> 0 | E154: ='SEPTIEMBRE 2025'!I154 -> 0 | F154: ='SEPTIEMBRE 2025'!J154 -> 0 | G154: ='SEPTIEMBRE 2025'!U154 -> 0 | H154: ='SEPTIEMBRE 2025'!AY154 -> 0 | I154: ='SEPTIEMBRE 2025'!CC154 -> 0 | J154: ='SEPTIEMBRE 2025'!CD154 -> 0 | K154: ='SEPTIEMBRE 2025'!CF154 -> 0 | L154: ='SEPTIEMBRE 2025'!CG154 -> 0 | M154: ='SEPTIEMBRE 2025'!CH154 -> 0
B155: ='SEPTIEMBRE 2025'!D155 -> 0 | C155: ='SEPTIEMBRE 2025'!E155 -> 0 | D155: ='SEPTIEMBRE 2025'!H155 -> 0 | E155: ='SEPTIEMBRE 2025'!I155 -> 0 | F155: ='SEPTIEMBRE 2025'!J155 -> 0 | G155: ='SEPTIEMBRE 2025'!U155 -> 0 | H155: ='SEPTIEMBRE 2025'!AY155 -> 0 | I155: ='SEPTIEMBRE 2025'!CC155 -> 0 | J155: ='SEPTIEMBRE 2025'!CD155 -> 0 | K155: ='SEPTIEMBRE 2025'!CF155 -> 0 | L155: ='SEPTIEMBRE 2025'!CG155 -> 0 | M155: ='SEPTIEMBRE 2025'!CH155 -> 0
B156: ='SEPTIEMBRE 2025'!D156 -> 0 | C156: ='SEPTIEMBRE 2025'!E156 -> 0 | D156: ='SEPTIEMBRE 2025'!H156 -> 0 | E156: ='SEPTIEMBRE 2025'!I156 -> 0 | F156: ='SEPTIEMBRE 2025'!J156 -> 0 | G156: ='SEPTIEMBRE 2025'!U156 -> 0 | H156: ='SEPTIEMBRE 2025'!AY156 -> 0 | I156: ='SEPTIEMBRE 2025'!CC156 -> 0 | J156: ='SEPTIEMBRE 2025'!CD156 -> 0 | K156: ='SEPTIEMBRE 2025'!CF156 -> 0 | L156: ='SEPTIEMBRE 2025'!CG156 -> 0 | M156: ='SEPTIEMBRE 2025'!CH156 -> 0
B157: ='SEPTIEMBRE 2025'!D157 -> 0 | C157: ='SEPTIEMBRE 2025'!E157 -> 0 | D157: ='SEPTIEMBRE 2025'!H157 -> 0 | E157: ='SEPTIEMBRE 2025'!I157 -> 0 | F157: ='SEPTIEMBRE 2025'!J157 -> 0 | G157: ='SEPTIEMBRE 2025'!U157 -> 0 | H157: ='SEPTIEMBRE 2025'!AY157 -> 0 | I157: ='SEPTIEMBRE 2025'!CC157 -> 0 | J157: ='SEPTIEMBRE 2025'!CD157 -> 0 | K157: ='SEPTIEMBRE 2025'!CF157 -> 0 | L157: ='SEPTIEMBRE 2025'!CG157 -> 0 | M157: ='SEPTIEMBRE 2025'!CH157 -> 0
... B200: ='SEPTIEMBRE 2025'!D200 -> 0 | C200: ='SEPTIEMBRE 2025'!E200 -> 0 | D200: ='SEPTIEMBRE 2025'!H200 -> 0 | E200: ='SEPTIEMBRE 2025'!I200 -> 0 | F200: ='SEPTIEMBRE 2025'!J200 -> 0 | G200: ='SEPTIEMBRE 2025'!U200 -> 0 | H200: ='SEPTIEMBRE 2025'!AY200 -> 0 | I200: ='SEPTIEMBRE 2025'!CC200 -> 0 | J200: ='SEPTIEMBRE 2025'!CD200 -> 0 | K200: ='SEPTIEMBRE 2025'!CF200 -> 0 | L200: ='SEPTIEMBRE 2025'!CG200 -> 0 | M200: ='SEPTIEMBRE 2025'!CH200 -> 0

Sheet EV
B3: INDICADOR H2 | C3: Porcentaje de mujeres con acompañamiento durante el preparto y parto
B4: Meta Nacional ≥ (O disminuir brecha) | C4: Numerador:Número de partos con acompañamiento durante el preparto y parto | D4: Denominador:Número de partos de mujeres beneficiarias | E4: Logro
C5: "REM A024 Sección A.1: Partos vaginales Sección A.2: Cesáreas" Celdas Sección A.1 C37:C38 + Sección A.2 Celdas C57:D57 | D5: "REM A024 Sección A: Información general de partos" Celda C12
B6: 0.8 | C6: =SUM(REM!D32+REM!D33+'Robson '!E18+'Robson '!F18) -> 1 | D6: =REM!D5 -> 1 | E6: =C6/D6 -> 1
B8: INDICADOR H3 | C8: Porcentaje de recién nacidos y nacidas con peso ≥ a 2.500 grs con contacto piel a piel ≥ a 30 min supervisado por equipo
B9: Meta Nacional ≥ (O disminuir brecha) | C9: Numerador:Número de recién nacidos con peso ≥ a 2.500 grs con contacto piel a piel ≥ a 30 min | D9: Denominador: Número de nacidos y nacidas con peso ≥ a 2.500 grs | E9: Logro | G9: ACTUAL
C10: REM A24 Sección A: Información general de partos (Celdas U13:U16) | D10: REM A24 Sección D1: Información general de RN vivos (Celdas I109:K109)
B11: 0.8 | C11: =SUM(REM!V5) -> 0 | D11: 159 | E11: =IFERROR(C11/D11,"-") -> 0 | G11: PROPUESTA ACTUAL
B13: 0.8 | C13: =SUM(REM!V5+REM!X5) -> 2 | D13: 159 | E13: =IFERROR(C13/D13,"-") -> 0.012578616 | G13: SUGERENCIA

Sheet Robson 
C4: SECCION A.2: CESÁREAS (responsabilidad del Médico Jefe del Servicio de Obstetricia)
C5: CLASIFICACIÓN SEGÚN MODELO DE ROBSON | E5: PROGRAMADA | F5: URGENCIA
C6: GRUPO 1: Nulíparas, embarazo único, cefálica, ≥37 semanas en trabajo de parto espontáneo | E6: =COUNTIFS('SEPTIEMBRE 2025'!BA:BA, "Grupo 1",'SEPTIEMBRE 2025'!AY:AY, "ces.electiva") -> 0 | F6: =COUNTIFS('SEPTIEMBRE 2025'!BA:BA, "Grupo 1",'SEPTIEMBRE 2025'!AY:AY, "ces. urgencia") -> 0 | H6: Total Robson Clasificadas | J6: =SUM(J7:J8) -> 2
C7: GRUPO 2: Nulíparas, Embarazo único, cefálica, ≥37 semanas, cesárea programada o con inducción de trabajo de parto. | D7: Total cesáreas grupo 2 | E7: =SUM(H11:H12) -> 0 | F7: =SUM(I11:I12) -> 1 | H7: electivas | J7: =SUM(E6:E17) -> 1
D8: Por requerimiento materno | E8: 0 | F8: 0 | H8: urgencia | J8: =SUM(F6:F17) -> 1
C9: GRUPO 3: Multípara, sin cesárea previa, embarazo único, cefálica, ≥37 semanas en trabajo de parto espontáneo | E9: =COUNTIFS('SEPTIEMBRE 2025'!AY:AY, "CES.ELECTIVA",'SEPTIEMBRE 2025'!BA:BA, "Grupo 3") -> 1 | F9: =COUNTIFS('SEPTIEMBRE 2025'!AY:AY, "CES. URGENCIA",'SEPTIEMBRE 2025'!BA:BA, "Grupo 3") -> 0
C10: GRUPO 4: Multípara, sin cesárea previa, embarazo único, cefálica, ≥37 semanas, cesárea programada o con inducción de trabajo de parto. | E10: =SUM(H14:H15) -> 0 | F10: =SUM(I14:I15) -> 0 | H10: R2.a + R2.b Electivo+ | I10: R2.a + R2.b Urgencia
C11: GRUPO 5: Multíparas con al menos 1 cesárea previa, embarazo unico, cefálica, ≥37 semanas. | D11: 5.1: con 1 cesárea previa | E11: =COUNTIFS('SEPTIEMBRE 2025'!AY:AY, "CES.ELECTIVA",'SEPTIEMBRE 2025'!BA:BA, "Grupo 5.1") -> 0 | F11: =COUNTIFS('SEPTIEMBRE 2025'!AY:AY, "CES. URGENCIA",'SEPTIEMBRE 2025'!BA:BA, "Grupo 5.1") -> 0 | H11: =COUNTIFS('SEPTIEMBRE 2025'!AY:AY, "CES.ELECTIVA",'SEPTIEMBRE 2025'!BA:BA, "Grupo 2.A") -> 0 | I11: =COUNTIFS('SEPTIEMBRE 2025'!AY:AY, "CES. URGENCIA",'SEPTIEMBRE 2025'!BA:BA, "Grupo 2.A") -> 0
D12: 5.2: 2 o más cesareas previas | E12: =COUNTIFS('SEPTIEMBRE 2025'!AY:AY, "CES.ELECTIVA",'SEPTIEMBRE 2025'!BA:BA, "Grupo 5.2") -> 0 | F12: =COUNTIFS('SEPTIEMBRE 2025'!AY:AY, "CES. URGENCIA",'SEPTIEMBRE 2025'!BA:BA, "Grupo 5.2") -> 0 | H12: =COUNTIFS('SEPTIEMBRE 2025'!AY:AY, "CES.ELECTIVA",'SEPTIEMBRE 2025'!BA:BA, "Grupo 2.B") -> 0 | I12: =COUNTIFS('SEPTIEMBRE 2025'!AY:AY, "CES. URGENCIA",'SEPTIEMBRE 2025'!BA:BA, "Grupo 2.B") -> 1
C13: GRUPO 6: Nulíparas, embarazo único, podálica | E13: =COUNTIFS('SEPTIEMBRE 2025'!BA:BA, "Grupo 6",'SEPTIEMBRE 2025'!AY:AY, "ces.electiva") -> 0 | F13: =COUNTIFS('SEPTIEMBRE 2025'!BA:BA, "Grupo 6",'SEPTIEMBRE 2025'!AY:AY, "ces. urgencia") -> 0 | H13: R4.a + R4.b Electivo+ | I13: R4.a + R4.b Urgencia
C14: GRUPO 7: Multíparas, embarazo único, podálica, con 1 o más cesáreas previas. | E14: =COUNTIFS('SEPTIEMBRE 2025'!BA:BA, "Grupo 7",'SEPTIEMBRE 2025'!AY:AY, "ces.electiva") -> 0 | F14: =COUNTIFS('SEPTIEMBRE 2025'!BA:BA, "Grupo 7",'SEPTIEMBRE 2025'!AY:AY, "ces. urgencia") -> 0 | H14: =COUNTIFS('SEPTIEMBRE 2025'!AY:AY, "CES.ELECTIVA",'SEPTIEMBRE 2025'!BA:BA, "Grupo 4.A") -> 0 | I14: =COUNTIFS('SEPTIEMBRE 2025'!AY:AY, "CES. URGENCIA",'SEPTIEMBRE 2025'!BA:BA, "Grupo 4.A") -> 0
C15: GRUPO 8: Todas las mujeres con embarazo múltiple, incluidas las que tienen 1 o más cesáreas previas. | E15: =COUNTIFS('SEPTIEMBRE 2025'!BA:BA, "Grupo 8",'SEPTIEMBRE 2025'!AY:AY, "ces.electiva") -> 0 | F15: =COUNTIFS('SEPTIEMBRE 2025'!BA:BA, "Grupo 8",'SEPTIEMBRE 2025'!AY:AY, "ces. urgencia") -> 0 | H15: =COUNTIFS('SEPTIEMBRE 2025'!AY:AY, "CES.ELECTIVA",'SEPTIEMBRE 2025'!BA:BA, "Grupo 4.B") -> 0 | I15: =COUNTIFS('SEPTIEMBRE 2025'!AY:AY, "CES. URGENCIA",'SEPTIEMBRE 2025'!BA:BA, "Grupo 4.B") -> 0
C16: GRUPO 9: Embarazo único, transverso y oblicuo, incluidas las que tienen una o mas cesáreas previas. | E16: =COUNTIFS('SEPTIEMBRE 2025'!BA:BA, "Grupo 9",'SEPTIEMBRE 2025'!AY:AY, "ces.electiva") -> 0 | F16: =COUNTIFS('SEPTIEMBRE 2025'!BA:BA, "Grupo 9",'SEPTIEMBRE 2025'!AY:AY, "ces. urgencia") -> 0
C17: GRUPO 10: Todas las mujeres con embarazo único, cefálica, <37 semanas, incluidas las que tienen 1 o más cesáreas. | E17: =COUNTIFS('SEPTIEMBRE 2025'!BA:BA, "Grupo 10",'SEPTIEMBRE 2025'!AY:AY, "ces.electiva") -> 0 | F17: =COUNTIFS('SEPTIEMBRE 2025'!BA:BA, "Grupo 10",'SEPTIEMBRE 2025'!AY:AY, "ces. urgencia") -> 0
C18: Acompañamiento durante la cesárea | E18: =COUNTIFS('SEPTIEMBRE 2025'!AY:AY, "ces.electiva",'SEPTIEMBRE 2025'!CK:CK, "si") -> 0 | F18: =COUNTIFS('SEPTIEMBRE 2025'!AY:AY, "ces. urgencia",'SEPTIEMBRE 2025'!CK:CK, "si") -> 0

Sheet Validadores
C1: SEMISENTADA | G1: NO DESEA | K1: NEGATIVO | M1: CONSULTORIO
C2: SENTADA | G2: NO LLEGA | K2: POSITIVO | M2: Posta Las Raíces
C3: LITOTOMIA | G3: URGENCIA | K3: SIN PESQUISA | M3: Cecosf Tres Esquinas
C4: D. DORSAL | G4: NO TIENE ACOMPAÑANTE | K4: N/A POR EG | M4: Cesfam Santa Clara
A5: UEGO | C5: CUADRÚPEDA | G5: RURALIDAD | M5: H. Bulnes
A6: SALA | C6: D. LATERAL | G6: SIN PASE DE MOVILIDAD | M6: Particular
C7: DE PIE | E7: PAREJA | M7: Macro Red
A8: SI | C8: CUCLILLAS | E8: MADRE
A9: NO | C9: OTRO | E9: HERMANA
E10: AMIGA | H10: Tipo de Parto | I10: EUTOCICO | J10: SEXO | K10: FEMENINO
A11: 1 | C11: INDEMNE | E11: OTRO | I11: DISTOCICO | K11: MASCULINO
A12: 2 | C12: DESGARRO G1 | E12: NADIE | I12: CES. URGENCIA | K12: INDETERMINADO
A13: 3 | C13: DESGARRO G2 | I13: CES.ELECTIVA
C14: DESGARRO G3 A | E14: OXITÓCICA
A15: NEGATIVO | C15: DESGARRO G3 B | E15: MISOPROSTOL
A16: POSITIVO | C16: DESGARRO G3 C | E16: NO | J16: Clasificación de Robson | K16: Grupo 1 | L16: Caracteristicas del Parto | M16: Institucional
A17: PENDIENTE | C17: DESGARRO G 4 | K17: Grupo 2.A | M17: Prehospitalario
C18: FISURA | E18: MASCULINO | H18: Revisión | I18: Instrumental | K18: Grupo 2.B | M18: Fuera de la Red Asistencial
C19: EPISIOTOMIA | E19: FEMENINO | I19: No | K19: Grupo 3 | M19: Domicilio con Atención Profesional
C20: NO | E20: INDETERMINADO | K20: Grupo 4 | M20: Domicilio sin Atención Profesional
A21: IOP | K21: Grupo 5.1
A22: RAM | K22: Grupo 5.2
A23: REM | E23: CERO | K23: Grupo 6
A24: RPM | E24: LIQUIDO | K24: Grupo 7
E25: COMÚN | K25: Grupo 8
A26: EUTÓCICO | E26: OTRO | K26: Grupo 9
A27: DISTÓCICO | K27: Grupo 10
J29: VDRL | K29: REACTIVO
K30: NO REACTIVO
A33: Apego | B33: 1
B34: 2
B35: 3
B36: 4

Sheet SS ÑUBLE
B2: TRIMESTRE | C2: Descripcion | D2: TOTAL (todas las edades) | F2: Menores de 15 años | H2: 15 a 24 años | J2: 25 y más años
B3: 2 | C3: N° total de mujeres atendidas por parto en el período MAYO | D3: N° | E3: % | F3: N° | G3: % | I3: % | K3: %
D4: =F4+H4+J4 -> 1 | E4: =D4/D4*100 -> 100 | F4: =COUNTIF('SEPTIEMBRE 2025'!N:N, "<15") -> 0 | G4: =F4/D4*100 -> 0 | H4: =COUNTIFS('SEPTIEMBRE 2025'!N:N, ">14",'SEPTIEMBRE 2025'!N:N,"<25") -> 0 | I4: =H4/D4*100 -> 0 | J4: =COUNTIF('SEPTIEMBRE 2025'!N:N, ">24") -> 1 | K4: =J4/D4*100 -> 100
